,precision,recall,f1-score,support
negative,0.27941176470588236,0.3619047619047619,0.31535269709543573,105.0
neutral,0.665083135391924,0.532319391634981,0.5913410770855332,526.0
positive,0.3543859649122807,0.4786729857819905,0.40725806451612906,211.0
micro avg,0.497624703087886,0.497624703087886,0.497624703087886,842.0
macro avg,0.4329602883366957,0.4576323797739111,0.437983946232366,842.0
weighted avg,0.5391299324308323,0.497624703087886,0.510794407784934,842.0
accuracy,0.497624703087886,0.497624703087886,0.497624703087886,0.497624703087886
