,precision,recall,f1-score,support
negative,0.3968253968253968,0.26881720430107525,0.32051282051282054,93.0
neutral,0.7676056338028169,0.5129411764705882,0.614950634696756,425.0
positive,0.35276967930029157,0.7034883720930233,0.46990291262135925,172.0
micro avg,0.527536231884058,0.527536231884058,0.527536231884058,690.0
macro avg,0.5057335699761684,0.49508225095489555,0.4684554559436453,690.0
weighted avg,0.6142225233487091,0.527536231884058,0.5391087145285325,690.0
accuracy,0.527536231884058,0.527536231884058,0.527536231884058,0.527536231884058
