,precision,recall,f1-score,support
0,0.7945205479452054,0.6744186046511628,0.7295597484276729,86.0
1,0.0,0.0,0.0,8.0
2,0.7142857142857143,0.8673469387755102,0.783410138248848,98.0
accuracy,0.7447916666666666,0.7447916666666666,0.7447916666666666,0.7447916666666666
macro avg,0.50293542074364,0.5139218478088909,0.5043232955588403,192.0
weighted avg,0.7204623287671232,0.7447916666666666,0.7266475620477446,192.0
