,precision,recall,f1-score,support
negative,0.4090909090909091,0.2903225806451613,0.339622641509434,62.0
neutral,0.8333333333333334,0.5789473684210527,0.6832298136645962,285.0
positive,0.3588516746411483,0.7211538461538461,0.47923322683706066,104.0
micro avg,0.5720620842572062,0.5720620842572062,0.5720620842572062,451.0
macro avg,0.5337586390217969,0.5301412650733534,0.5006952273370303,451.0
weighted avg,0.665596919127086,0.5720620842572062,0.588952009443568,451.0
accuracy,0.5720620842572062,0.5720620842572062,0.5720620842572062,0.5720620842572062
