,precision,recall,f1-score,support
negative,0.3815789473684211,0.453125,0.4142857142857143,64.0
neutral,0.6290322580645161,0.5652173913043478,0.5954198473282443,276.0
positive,0.328125,0.375,0.35,112.0
micro avg,0.5022123893805309,0.5022123893805309,0.5022123893805309,452.0
macro avg,0.4462454018109791,0.4644474637681159,0.4532351872046528,452.0
weighted avg,0.5194335306579323,0.5022123893805309,0.5089605388869052,452.0
accuracy,0.5022123893805309,0.5022123893805309,0.5022123893805309,0.5022123893805309
