,precision,recall,f1-score,support
negative,0.2920353982300885,0.515625,0.37288135593220345,64.0
neutral,0.599009900990099,0.4384057971014493,0.506276150627615,276.0
positive,0.23357664233576642,0.2857142857142857,0.2570281124497991,112.0
micro avg,0.41150442477876104,0.41150442477876104,0.4115044247787611,452.0
macro avg,0.37487398051865134,0.41324836093857825,0.3787285396698725,452.0
weighted avg,0.464994650667254,0.41150442477876104,0.4256278162550005,452.0
accuracy,0.41150442477876104,0.41150442477876104,0.41150442477876104,0.41150442477876104
