,precision,recall,f1-score,support
negative,0.3380281690140845,0.375,0.35555555555555557,64.0
neutral,0.7802197802197802,0.7773722627737226,0.7787934186471663,274.0
positive,0.48148148148148145,0.45614035087719296,0.46846846846846846,114.0
accuracy,0.6393805309734514,0.6393805309734514,0.6393805309734514,0.6393805309734514
macro avg,0.533243143571782,0.5361708712169718,0.5342724808903968,452.0
weighted avg,0.6422630785088719,0.6393805309734514,0.6405981364386826,452.0
