,precision,recall,f1-score,support
0,1.0,0.40625,0.5777777777777777,64.0
1,0.9487179487179487,0.9452554744525548,0.9469835466179158,274.0
2,0.6535947712418301,0.8771929824561403,0.749063670411985,114.0
accuracy,0.8517699115044248,0.8517699115044248,0.8517699115044248,0.8517699115044248
macro avg,0.8674375733199263,0.7428994856362316,0.7579416649358929,452.0
weighted avg,0.8815454023678907,0.8517699115044248,0.8447887787125066,452.0
