,precision,recall,f1-score,support
negative,0.191044776119403,1.0,0.32080200501253137,64.0
neutral,0.7,0.025547445255474453,0.04929577464788732,274.0
positive,0.17757009345794392,0.16666666666666666,0.17194570135746606,114.0
accuracy,0.19911504424778761,0.19911504424778761,0.19911504424778761,0.19911504424778761
macro avg,0.35620495652578227,0.3974047039740471,0.1806811603392949,452.0
weighted avg,0.49617224850851194,0.19911504424778761,0.1186729657722882,452.0
