,precision,recall,f1-score,support
0,0.7428571428571429,0.40625,0.5252525252525253,64.0
1,0.8673139158576052,0.9781021897810219,0.9193825042881646,274.0
2,0.6759259259259259,0.6403508771929824,0.6576576576576576,114.0
accuracy,0.8119469026548672,0.8119469026548672,0.8119469026548672,0.8119469026548672
macro avg,0.762032328213558,0.6749010223246681,0.7007642290661158,452.0
weighted avg,0.8014212956712311,0.8119469026548672,0.7975662406285213,452.0
