,precision,recall,f1-score,support
negative,0.325,0.203125,0.25000000000000006,64.0
neutral,0.7989690721649485,0.5615942028985508,0.6595744680851064,276.0
positive,0.3761467889908257,0.7321428571428571,0.496969696969697,112.0
micro avg,0.5530973451327433,0.5530973451327433,0.5530973451327433,452.0
macro avg,0.500038620385258,0.4989540200138027,0.4688480550182679,452.0
weighted avg,0.6270882838152617,0.5530973451327433,0.5612901753364944,452.0
accuracy,0.5530973451327433,0.5530973451327433,0.5530973451327433,0.5530973451327433
