,precision,recall,f1-score,support
negative,0.3220338983050847,0.296875,0.30894308943089427,64.0
neutral,0.6485148514851485,0.4781021897810219,0.5504201680672269,274.0
positive,0.31413612565445026,0.5263157894736842,0.3934426229508197,114.0
accuracy,0.4646017699115044,0.4646017699115044,0.4646017699115044,0.4646017699115044
macro avg,0.42822829181489447,0.43376432641823537,0.41760196014964696,452.0
weighted avg,0.5179530024846537,0.4646017699115044,0.47663704157166126,452.0
