,precision,recall,f1-score,support
negative,0.45901639344262296,0.4375,0.44799999999999995,64.0
neutral,0.6830601092896175,0.9057971014492754,0.7788161993769469,276.0
positive,0.6,0.13392857142857142,0.218978102189781,112.0
micro avg,0.6482300884955752,0.6482300884955752,0.6482300884955752,452.0
macro avg,0.5806921675774134,0.49240855762594893,0.48193143385557596,452.0
weighted avg,0.6307558392572175,0.6482300884955752,0.5932540231710018,452.0
accuracy,0.6482300884955752,0.6482300884955752,0.6482300884955752,0.6482300884955752
