,precision,recall,f1-score,support
0,0.9253731343283582,0.96875,0.9465648854961832,64.0
1,0.9922779922779923,0.9379562043795621,0.9643527204502815,274.0
2,0.8809523809523809,0.9736842105263158,0.925,114.0
accuracy,0.9513274336283186,0.9513274336283186,0.9513274336283186,0.9513274336283186
macro avg,0.9328678358529104,0.9601301383019593,0.9453058686488216,452.0
weighted avg,0.9547270396233546,0.9513274336283186,0.9519088452989666,452.0
