,precision,recall,f1-score,support
negative,0.33962264150943394,0.28125,0.3076923076923077,64.0
neutral,0.8509615384615384,0.6459854014598541,0.7344398340248963,274.0
positive,0.42408376963350786,0.7105263157894737,0.5311475409836066,114.0
accuracy,0.6106194690265486,0.6106194690265486,0.6106194690265486,0.6106194690265486
macro avg,0.53822264986816,0.5459205724164425,0.5244265609002702,452.0
weighted avg,0.6708957087019584,0.6106194690265486,0.6227425705470363,452.0
