,precision,recall,f1-score,support
negative,0.5979381443298969,0.90625,0.7204968944099378,64.0
neutral,0.8700361010830325,0.8795620437956204,0.8747731397459166,274.0
positive,0.8461538461538461,0.5789473684210527,0.6875,114.0
accuracy,0.8075221238938053,0.8075221238938053,0.8075221238938053,0.8075221238938053
macro avg,0.7713760305222586,0.7882531374055577,0.7609233447186181,452.0
weighted avg,0.8254855561845194,0.8075221238938053,0.8056961095854361,452.0
