,precision,recall,f1-score,support
negative,0.1951219512195122,0.125,0.1523809523809524,64.0
neutral,0.7015706806282722,0.48905109489051096,0.5763440860215053,274.0
positive,0.30454545454545456,0.5877192982456141,0.40119760479041916,114.0
accuracy,0.46238938053097345,0.46238938053097345,0.46238938053097345,0.46238938053097345
macro avg,0.40041269546441294,0.400590131045375,0.3766408810642923,452.0
weighted avg,0.5297264451070292,0.46238938053097345,0.4721397952840292,452.0
