,precision,recall,f1-score,support
negative,0.3466666666666667,0.38235294117647056,0.3636363636363636,68.0
neutral,0.7137681159420289,0.8814317673378076,0.7887887887887888,447.0
positive,0.7096774193548387,0.25287356321839083,0.3728813559322034,174.0
micro avg,0.6734397677793904,0.6734397677793904,0.6734397677793904,689.0
macro avg,0.5900374006545114,0.505552757244223,0.5084355027857853,689.0
weighted avg,0.6765044297926882,0.6734397677793904,0.6417956708970461,689.0
accuracy,0.6734397677793904,0.6734397677793904,0.6734397677793904,0.6734397677793904
