,precision,recall,f1-score,support
negative,0.2621359223300971,0.5567010309278351,0.3564356435643564,97.0
neutral,0.6222222222222222,0.3912175648702595,0.48039215686274506,501.0
positive,0.3166144200626959,0.41735537190082644,0.3600713012477718,242.0
micro avg,0.41785714285714287,0.41785714285714287,0.41785714285714287,840.0
macro avg,0.4003241882050051,0.45509132256630697,0.39896636722495776,840.0
weighted avg,0.4925966755411014,0.41785714285714287,0.4314142653761174,840.0
accuracy,0.41785714285714287,0.41785714285714287,0.41785714285714287,0.41785714285714287
