,precision,recall,f1-score,support
negative,0.23776427534583894,0.49608051213538795,0.3200552591769954,84.0
neutral,0.6314525489914755,0.3880504137747818,0.48058226758326594,428.0
positive,0.27314306940962874,0.3893650208132144,0.32067731248669623,177.4
micro avg,0.4009372962285186,0.4009372962285186,0.4009372962285186,689.4
macro avg,0.38078663124898116,0.4244986489077947,0.3737716130823192,689.4
weighted avg,0.49160387385872806,0.4009372962285186,0.4198806834100523,689.4
accuracy,0.4009372962285186,0.4009372962285186,0.4009372962285186,0.4009372962285186
