,precision,recall,f1-score,support
negative,0.16335023249474787,0.9163054549977773,0.2772210171341286,84.0
neutral,0.7578871420976684,0.03134657257343944,0.06013942143922615,428.0
positive,0.23261042853070935,0.2617294409959919,0.24577888115002647,177.4
accuracy,0.19844176605456337,0.19844176605456337,0.19844176605456337,0.19844176605456337
macro avg,0.3846159343743752,0.4031271561890695,0.19437977324112704,689.4
weighted avg,0.5500367379672444,0.19844176605456337,0.13444086772729918,689.4
