,precision,recall,f1-score,support
0,0.9045167290067087,0.9139750735904528,0.9070139049062572,84.0
1,0.9624677991689831,0.946962827507941,0.9543952208068077,428.0
2,0.8902646628801563,0.9114558474576675,0.8989066213991915,177.4
accuracy,0.9341465261563704,0.9341465261563704,0.9341465261563704,0.9341465261563704
macro avg,0.9190830636852827,0.9241312495186872,0.9201052490374186,689.4
weighted avg,0.9366444660451945,0.9341465261563704,0.9344284610292682,689.4
