,precision,recall,f1-score,support
0,0.8097745233298912,0.9044213008891958,0.8524321128856597,84.0
1,0.9538575360437122,0.9561149298720089,0.9547611006228838,428.0
2,0.8988702175579203,0.8336961523272984,0.8611660680288132,177.4
accuracy,0.9187720073199974,0.9187720073199974,0.9187720073199974,0.9187720073199974
macro avg,0.8875007589771744,0.8980774610295011,0.8894530938457855,689.4
weighted avg,0.9222162518494011,0.9187720073199974,0.9184938410592445,689.4
