,precision,recall,f1-score,support
negative,0.3534196507907326,0.33822262534027675,0.34492563335082876,84.0
neutral,0.6521943929250431,0.4455379867036725,0.5286251218138954,428.0
positive,0.31045102450599255,0.5538582364075575,0.39735506432416196,177.4
accuracy,0.4601123240991985,0.4601123240991985,0.4601123240991985,0.4601123240991985
macro avg,0.43868835607392276,0.4458729494838356,0.423635273162962,689.4
weighted avg,0.5283652254278219,0.4601123240991985,0.4726201098761603,689.4
