,precision,recall,f1-score,support
negative,0.23049107756710924,0.17362864710700548,0.19770713975327006,84.0
neutral,0.6993969162659909,0.4516312372938036,0.548002869501744,428.0
positive,0.3164377878415657,0.6211086989615925,0.41875138415288954,177.4
accuracy,0.4615733787678004,0.4615733787678004,0.4615733787678004,0.4615733787678004
macro avg,0.41544192722488854,0.41545619445413384,0.3881537978026346,689.4
weighted avg,0.5444375552915106,0.4615733787678004,0.472501828830277,689.4
