,precision,recall,f1-score,support
negative,0.3237810008764973,0.3858176621795791,0.35201870843042044,84.0
neutral,0.7301996130023712,0.7482169068772253,0.7386853076282716,428.0
positive,0.4386885174395247,0.37140182701193286,0.4010793306980305,177.4
accuracy,0.6069026734818367,0.6069026734818367,0.6069026734818367,0.6069026734818367
macro avg,0.4975563771061311,0.5018121320229124,0.4972611155855741,689.4
weighted avg,0.6062590360706858,0.6069026734818367,0.6048686461531237,689.4
