,precision,recall,f1-score,support
negative,0.5685570057090518,0.7757292577316994,0.6556941111708431,84.0
neutral,0.8321499012573736,0.862312276524707,0.8469267020320889,428.0
positive,0.7906579836679025,0.5847619184650443,0.671834157039539,177.4
accuracy,0.78039292400244,0.78039292400244,0.78039292400244,0.78039292400244
macro avg,0.730454963544776,0.7409344842404836,0.7248183234141571,689.4
weighted avg,0.7898090328420151,0.78039292400244,0.7787781449337908,689.4
