,precision,recall,f1-score,support
negative,0.40980496054214655,0.3665597128285398,0.3848962328103352,84.0
neutral,0.8173035116313757,0.6230035437519132,0.7068576157196633,428.0
positive,0.4411543929723326,0.7162578970164996,0.5458583064369933,177.4
accuracy,0.6159037462400875,0.6159037462400875,0.6159037462400875,0.6159037462400875
macro avg,0.556087621715285,0.5686070511989842,0.5458707183223306,689.4
weighted avg,0.6712584003280966,0.6159037462400875,0.6264867971530685,689.4
