,precision,recall,f1-score,support
negative,0.4098161889519375,0.4240146493870675,0.41559746067486014,84.0
neutral,0.6943892580987365,0.8822894064626456,0.7769496362446358,428.0
positive,0.6571362175945106,0.21929466458822744,0.327744684129199,177.4
micro avg,0.6556366084011696,0.6556366084011696,0.6556366084011696,689.4
macro avg,0.5871138882150616,0.508532906812647,0.5067639270162316,689.4
weighted avg,0.6507058038342889,0.6556366084011696,0.6174432803002751,689.4
accuracy,0.6556366084011696,0.6556366084011696,0.6556366084011696,0.6556366084011696
