,precision,recall,f1-score,support
negative,0.5563366324062111,0.7562175537147728,0.6403598136517547,84.0
neutral,0.8209246672546036,0.8627298898528176,0.8410501176313374,428.0
positive,0.7819090296289487,0.5541517309218713,0.6477363331594076,177.4
micro avg,0.7702324309543341,0.7702324309543341,0.7702324309543341,689.4
macro avg,0.7197234430965878,0.7243663914964873,0.7097154214808332,689.4
weighted avg,0.7795901501763662,0.7702324309543341,0.7672999012811585,689.4
accuracy,0.7702324309543341,0.7702324309543341,0.7702324309543341,0.7702324309543341
