,precision,recall,f1-score,support
negative,0.3257733885297462,0.4532987152629892,0.3757808364003535,84.0
neutral,0.6704770087433705,0.5522395103563488,0.6053156559101753,428.0
positive,0.33419146805266964,0.41371748204721215,0.36957120420768313,177.4
micro avg,0.5039149365810563,0.5039149365810563,0.5039149365810563,689.4
macro avg,0.44348062177526215,0.4730852358888501,0.45022256550607065,689.4
weighted avg,0.5426334285995246,0.5039149365810563,0.5168669491447311,689.4
accuracy,0.5039149365810563,0.5039149365810563,0.5039149365810563,0.5039149365810563
