,precision,recall,f1-score,support
negative,0.32378100087649736,0.3858176621795791,0.3520187084304205,84.0
neutral,0.7301996130023712,0.7482169068772253,0.7386853076282717,428.0
positive,0.4386885174395247,0.3714018270119329,0.4010793306980305,177.4
accuracy,0.6069026734818367,0.6069026734818367,0.6069026734818367,0.6069026734818367
macro avg,0.4975563771061311,0.5018121320229125,0.49726111558557423,689.4
weighted avg,0.6062590360706858,0.6069026734818367,0.6048686461531239,689.4
