,precision,recall,f1-score,support
negative,0.3534196507907327,0.3382226253402768,0.34492563335082876,84.0
neutral,0.6521943929250431,0.44553798670367256,0.5286251218138954,428.0
positive,0.3104510245059926,0.5538582364075575,0.397355064324162,177.4
accuracy,0.46011232409919856,0.46011232409919856,0.46011232409919856,0.46011232409919856
macro avg,0.43868835607392287,0.4458729494838356,0.4236352731629619,689.4
weighted avg,0.5283652254278219,0.46011232409919856,0.4726201098761604,689.4
