,precision,recall,f1-score,support
negative,0.16335023249474792,0.9163054549977773,0.2772210171341286,84.0
neutral,0.7578871420976684,0.03134657257343951,0.06013942143922618,428.0
positive,0.23261042853070935,0.2617294409959919,0.24577888115002647,177.4
accuracy,0.19844176605456346,0.19844176605456346,0.19844176605456346,0.19844176605456346
macro avg,0.3846159343743752,0.4031271561890696,0.1943797732411271,689.4
weighted avg,0.5500367379672444,0.19844176605456346,0.1344408677272992,689.4
