,precision,recall,f1-score,support
0,0.738196486567043,0.43530076511329463,0.5472548295804109,84.0
1,0.8459528911286194,0.9519074181957803,0.8957521401328432,428.0
2,0.7239693176956663,0.6456359225722893,0.6823104163208484,177.4
accuracy,0.8102723964577943,0.8102723964577943,0.8102723964577943,0.8102723964577943
macro avg,0.7693728984637762,0.6776147019604547,0.7084391286780343,689.4
weighted avg,0.8016818976299909,0.8102723964577943,0.7985596085551011,689.4
