,precision,recall,f1-score,support
negative,0.5,0.8461538461538461,0.6285714285714286,78.0
neutral,0.0,0.0,0.0,7.0
positive,0.7407407407407407,0.37383177570093457,0.49689440993788814,107.0
accuracy,0.5520833333333334,0.5520833333333334,0.5520833333333334,0.5520833333333334
macro avg,0.41358024691358025,0.40666187395159353,0.3751552795031056,192.0
weighted avg,0.6159336419753086,0.5520833333333334,0.5322722567287784,192.0
