,precision,recall,f1-score,support
0,0.6666666666666666,0.9230769230769231,0.7741935483870968,78.0
1,0.0,0.0,0.0,7.0
2,0.9047619047619048,0.7102803738317757,0.7958115183246074,107.0
accuracy,0.7708333333333334,0.7708333333333334,0.7708333333333334,0.7708333333333334
macro avg,0.5238095238095238,0.5444524323028995,0.5233350222372347,192.0
weighted avg,0.7750496031746031,0.7708333333333334,0.758015256431909,192.0
