,precision,recall,f1-score,support
negative,0.6949152542372882,0.5256410256410257,0.5985401459854015,78.0
neutral,0.05454545454545454,0.8571428571428571,0.10256410256410256,7.0
positive,0.9130434782608695,0.19626168224299065,0.32307692307692304,107.0
accuracy,0.3541666666666667,0.3541666666666667,0.3541666666666667,0.3541666666666667
macro avg,0.5541680623478707,0.5263485216756244,0.3413937238754757,192.0
weighted avg,0.7931294801366651,0.3541666666666667,0.42694432746896255,192.0
