,precision,recall,f1-score,support
negative,0.6078431372549019,0.3974358974358974,0.48062015503875966,78.0
neutral,0.06086956521739131,1.0,0.11475409836065573,7.0
positive,0.8076923076923077,0.19626168224299065,0.31578947368421056,107.0
accuracy,0.3072916666666667,0.3072916666666667,0.3072916666666667,0.3072916666666667
macro avg,0.4921350033882003,0.5312325265596293,0.3037212423612086,192.0
weighted avg,0.6992756697160468,0.3072916666666667,0.37542252325915815,192.0
