,precision,recall,f1-score,support
negative,0.5409836065573771,0.4230769230769231,0.47482014388489213,78.0
neutral,0.0379746835443038,0.42857142857142855,0.06976744186046513,7.0
positive,0.6346153846153846,0.308411214953271,0.41509433962264153,107.0
accuracy,0.359375,0.359375,0.359375,0.359375
macro avg,0.40452455823902184,0.3866865222005409,0.31989397512266626,192.0
weighted avg,0.5748249492194358,0.359375,0.4267679044566015,192.0
