,precision,recall,f1-score,support
negative,0.6206896551724138,0.23076923076923078,0.33644859813084116,78.0
neutral,0.04040404040404041,0.5714285714285714,0.07547169811320754,7.0
positive,0.6875,0.411214953271028,0.5146198830409356,107.0
accuracy,0.34375,0.34375,0.34375,0.34375
macro avg,0.4495312318588181,0.4044709184896101,0.3088467264283281,192.0
weighted avg,0.6367662572201904,0.34375,0.42622718763738626,192.0
