,precision,recall,f1-score,support
negative,0.6666666666666666,0.15384615384615385,0.25,78.0
neutral,0.04838709677419355,0.8571428571428571,0.0916030534351145,7.0
positive,0.7,0.32710280373831774,0.445859872611465,107.0
accuracy,0.2760416666666667,0.2760416666666667,0.2760416666666667,0.2760416666666667
macro avg,0.47168458781362005,0.44603060490910956,0.2624876420155265,192.0
weighted avg,0.6627016129032257,0.2760416666666667,0.3533761861639195,192.0
