,precision,recall,f1-score,support
0,0.7647058823529411,0.5,0.6046511627906976,78.0
1,0.0,0.0,0.0,7.0
2,0.6808510638297872,0.897196261682243,0.7741935483870968,107.0
accuracy,0.703125,0.703125,0.703125,0.703125
macro avg,0.48185231539424284,0.4657320872274144,0.45961490372593145,192.0
weighted avg,0.6900943888193575,0.703125,0.6770911477869467,192.0
