,precision,recall,f1-score,support
negative,0.813953488372093,0.44871794871794873,0.5785123966942148,78.0
neutral,0.05263157894736842,0.7142857142857143,0.0980392156862745,7.0
positive,0.7777777777777778,0.3925233644859813,0.5217391304347826,107.0
accuracy,0.4270833333333333,0.4270833333333333,0.4270833333333333,0.4270833333333333
macro avg,0.5481209483657464,0.5185090091632149,0.39943024760509066,192.0
weighted avg,0.7660365383743598,0.4270833333333333,0.5293558771274709,192.0
