,precision,recall,f1-score,support
negative,0.75,0.5,0.6,78.0
neutral,0.049586776859504134,0.8571428571428571,0.09375000000000001,7.0
positive,0.9473684210526315,0.16822429906542055,0.2857142857142857,107.0
accuracy,0.328125,0.328125,0.328125,0.328125
macro avg,0.5823183993040453,0.5084557187360926,0.32648809523809524,192.0
weighted avg,0.8344558775554588,0.328125,0.40639415922619043,192.0
