,precision,recall,f1-score,support
negative,0.6818181818181818,0.38461538461538464,0.4918032786885246,78.0
neutral,0.05,0.5714285714285714,0.09195402298850575,7.0
positive,0.7205882352941176,0.45794392523364486,0.5599999999999999,107.0
accuracy,0.4322916666666667,0.4322916666666667,0.4322916666666667,0.4322916666666667
macro avg,0.4841354723707665,0.47132929375920024,0.3812524338923435,192.0
weighted avg,0.6803893716577539,0.4322916666666667,0.5152309057220024,192.0
