,precision,recall,f1-score,support
negative,0.7241379310344828,0.5384615384615384,0.6176470588235294,78.0
neutral,0.06,0.8571428571428571,0.11214953271028037,7.0
positive,0.8823529411764706,0.2803738317757009,0.42553191489361697,107.0
accuracy,0.40625,0.40625,0.40625,0.40625
macro avg,0.5554969574036511,0.5586594091266989,0.3851095021424756,192.0
weighted avg,0.7880964756592292,0.40625,0.4921532927647097,192.0
