,precision,recall,f1-score,support
negative,0.6585365853658537,0.34615384615384615,0.453781512605042,78.0
neutral,0.03409090909090909,0.42857142857142855,0.0631578947368421,7.0
positive,0.6825396825396826,0.40186915887850466,0.5058823529411764,107.0
accuracy,0.3802083333333333,0.3802083333333333,0.3802083333333333,0.3802083333333333
macro avg,0.4583890589988151,0.39219814453459306,0.3409405867610202,192.0
weighted avg,0.6491470627808281,0.3802083333333333,0.46857539068258874,192.0
