,precision,recall,f1-score,support
negative,0.8421052631578947,0.47058823529411764,0.6037735849056604,34.0
neutral,0.029411764705882353,0.3333333333333333,0.05405405405405406,3.0
positive,0.6764705882352942,0.46,0.5476190476190477,50.0
accuracy,0.45977011494252873,0.45977011494252873,0.45977011494252873,0.45977011494252873
macro avg,0.5159958720330238,0.42130718954248364,0.4018155621929207,87.0
weighted avg,0.7188890075086296,0.45977011494252873,0.5525450164357126,87.0
