,precision,recall,f1-score,support
0,0.0,0.0,0.0,34.0
1,0.0,0.0,0.0,3.0
2,0.5747126436781609,1.0,0.7299270072992701,50.0
accuracy,0.5747126436781609,0.5747126436781609,0.5747126436781609,0.5747126436781609
macro avg,0.19157088122605362,0.3333333333333333,0.24330900243309003,87.0
weighted avg,0.33029462280354077,0.5747126436781609,0.41949828005705175,87.0
