,precision,recall,f1-score,support
negative,0.6,0.2647058823529412,0.36734693877551017,34.0
neutral,0.047619047619047616,0.6666666666666666,0.08888888888888889,3.0
positive,0.6333333333333333,0.38,0.4750000000000001,50.0
accuracy,0.3448275862068966,0.3448275862068966,0.3448275862068966,0.3448275862068966
macro avg,0.42698412698412697,0.437124183006536,0.3104119425547997,87.0
weighted avg,0.6001094690749862,0.3448275862068966,0.4196145124716553,87.0
