,precision,recall,f1-score,support
negative,0.4727272727272727,0.7647058823529411,0.5842696629213483,34.0
neutral,0.0,0.0,0.0,3.0
positive,0.7586206896551724,0.44,0.5569620253164557,50.0
accuracy,0.5517241379310345,0.5517241379310345,0.5517241379310345,0.5517241379310345
macro avg,0.41044932079414836,0.4015686274509804,0.38041056274593466,87.0
weighted avg,0.6207328937412172,0.5517241379310345,0.5484283885649267,87.0
