,precision,recall,f1-score,support
negative,0.9166666666666666,0.6470588235294118,0.7586206896551724,34.0
neutral,0.058823529411764705,1.0,0.1111111111111111,3.0
positive,0.8333333333333334,0.2,0.3225806451612903,50.0
accuracy,0.40229885057471265,0.40229885057471265,0.40229885057471265,0.40229885057471265
macro avg,0.6029411764705882,0.6156862745098038,0.39743748197585793,87.0
weighted avg,0.8391931485237774,0.40229885057471265,0.4856950464330312,87.0
