,precision,recall,f1-score,support
negative,0.88,0.6470588235294118,0.7457627118644068,34.0
neutral,0.057692307692307696,1.0,0.1090909090909091,3.0
positive,0.7,0.14,0.23333333333333336,50.0
accuracy,0.367816091954023,0.367816091954023,0.367816091954023,0.367816091954023
macro avg,0.5458974358974359,0.5956862745098039,0.3627289847628831,87.0
weighted avg,0.7481962864721485,0.367816091954023,0.4293088689348187,87.0
