,precision,recall,f1-score,support
negative,1.0,0.17647058823529413,0.3,34.0
neutral,0.04838709677419355,1.0,0.09230769230769231,3.0
positive,0.7894736842105263,0.3,0.4347826086956521,50.0
accuracy,0.27586206896551724,0.27586206896551724,0.27586206896551724,0.27586206896551724
macro avg,0.6126202603282399,0.49215686274509807,0.2756967670011148,87.0
weighted avg,0.846193626446539,0.27586206896551724,0.37029946565178945,87.0
