,precision,recall,f1-score,support
negative,0.8181818181818182,0.5294117647058824,0.6428571428571428,34.0
neutral,0.0625,0.6666666666666666,0.11428571428571428,3.0
positive,0.6666666666666666,0.44,0.5301204819277109,50.0
accuracy,0.4827586206896552,0.4827586206896552,0.4827586206896552,0.4827586206896552
macro avg,0.5157828282828283,0.545359477124183,0.4290877796901893,87.0
weighted avg,0.7050461511668408,0.4827586206896552,0.5598393574297189,87.0
