,precision,recall,f1-score,support
0,0.9411764705882353,0.47058823529411764,0.627450980392157,34.0
1,0.0,0.0,0.0,3.0
2,0.7,0.98,0.8166666666666667,50.0
accuracy,0.7471264367816092,0.7471264367816092,0.7471264367816092,0.7471264367816092
macro avg,0.5470588235294117,0.48352941176470593,0.4813725490196079,87.0
weighted avg,0.7701149425287356,0.7471264367816092,0.7145593869731801,87.0
