,precision,recall,f1-score,support
negative,0.7142857142857143,0.4411764705882353,0.5454545454545455,34.0
neutral,0.05714285714285714,0.6666666666666666,0.10526315789473684,3.0
positive,0.6129032258064516,0.38,0.46913580246913583,50.0
accuracy,0.41379310344827586,0.41379310344827586,0.41379310344827586,0.41379310344827586
macro avg,0.46144393241167436,0.49594771241830066,0.37328450193947277,87.0
weighted avg,0.6333598177869589,0.41379310344827586,0.4864141855470753,87.0
