,precision,recall,f1-score,support
0,0.4222222222222222,0.5588235294117647,0.48101265822784806,34.0
1,0.0,0.0,0.0,3.0
2,0.5714285714285714,0.48,0.5217391304347826,50.0
accuracy,0.4942528735632184,0.4942528735632184,0.4942528735632184,0.4942528735632184
macro avg,0.33121693121693124,0.34627450980392155,0.3342505962208769,87.0
weighted avg,0.49341361065498995,0.4942528735632184,0.48783203335041336,87.0
