,precision,recall,f1-score,support
negative,0.9565217391304348,0.6470588235294118,0.7719298245614036,34.0
neutral,0.05084745762711865,1.0,0.0967741935483871,3.0
positive,0.6,0.06,0.1090909090909091,50.0
accuracy,0.3218390804597701,0.3218390804597701,0.3218390804597701,0.3218390804597701
macro avg,0.5357897322525179,0.5690196078431372,0.32593164240023326,87.0
weighted avg,0.7203940402680016,0.3218390804597701,0.36770669046296944,87.0
