,precision,recall,f1-score,support
negative,0.8260869565217391,0.5588235294117647,0.6666666666666667,34.0
neutral,0.044444444444444446,0.6666666666666666,0.08333333333333334,3.0
positive,0.7894736842105263,0.3,0.4347826086956521,50.0
accuracy,0.41379310344827586,0.41379310344827586,0.41379310344827586,0.41379310344827586
macro avg,0.5533350283922366,0.5084967320261439,0.3949275362318841,87.0
weighted avg,0.7780916559264227,0.41379310344827586,0.5132850241545893,87.0
