,precision,recall,f1-score,support
negative,0.7272727272727273,0.47058823529411764,0.5714285714285714,34.0
neutral,0.03773584905660377,0.6666666666666666,0.07142857142857142,3.0
positive,0.9166666666666666,0.22,0.3548387096774193,50.0
accuracy,0.3333333333333333,0.3333333333333333,0.3333333333333333,0.3333333333333333
macro avg,0.5605584143319993,0.45241830065359473,0.33256528417818737,87.0
weighted avg,0.812342685146849,0.3333333333333333,0.42971026007733454,87.0
