,precision,recall,f1-score,support
0,0.8652065665088144,0.8905476138985087,0.8751437427500075,102.8
1,0.95484294693834,0.8585569450610901,0.903644006565629,505.4
2,0.778160846932483,0.9303583184604625,0.8464911637867505,233.6
accuracy,0.8826352701019452,0.8826352701019452,0.8826352701019452,0.8826352701019452
macro avg,0.8660701201265459,0.8931542924733538,0.8750929710341291,841.8
weighted avg,0.8948458813636677,0.8826352701019452,0.8843879687167542,841.8
