,precision,recall,f1-score,support
negative,0.16455161480324648,0.9110339340937035,0.27859035239885765,102.8
neutral,0.7563698580002928,0.02821969589430622,0.054224742164524706,505.4
positive,0.27593223421465096,0.29907339520395754,0.2866159964304177,233.6
accuracy,0.2112286373723226,0.2112286373723226,0.2112286373723226,0.2112286373723226
macro avg,0.39895123567273005,0.41277567506398893,0.20647703033126671,841.8
weighted avg,0.5514125149916523,0.2112286373723226,0.14618598248743325,841.8
