,precision,recall,f1-score,support
negative,0.41744107096141186,0.3697649767456289,0.3916739421167855,102.8
neutral,0.7850088102540911,0.6049992308269581,0.6831408094375861,505.4
positive,0.45957902909799103,0.7098671470475435,0.5576184470486045,233.6
accuracy,0.6053548946730078,0.6053548946730078,0.6053548946730078,0.6053548946730078
macro avg,0.5540096367711647,0.5615437848733768,0.5441443995343254,841.8
weighted avg,0.6504485907198913,0.6053548946730078,0.6130130328393223,841.8
