,precision,recall,f1-score,support
negative,0.22968177581094248,0.46408863098368125,0.3069109375345834,102.8
neutral,0.6146597951117725,0.37487560473757764,0.46552044439901624,505.4
positive,0.3155981090498109,0.4420620803717409,0.3681059292395562,233.6
micro avg,0.4043863592193745,0.4043863592193745,0.4043863592193745,841.8
macro avg,0.38664655999084196,0.42700877203099996,0.38017910372438524,841.8
weighted avg,0.485067926044047,0.4043863592193745,0.41938668044372784,841.8
accuracy,0.4043863592193745,0.4043863592193745,0.4043863592193745,0.4043863592193745
