,precision,recall,f1-score,support
negative,0.16455161480324654,0.9110339340937035,0.27859035239885765,102.8
neutral,0.7563698580002929,0.028219695894306267,0.054224742164524775,505.4
positive,0.27593223421465096,0.2990733952039576,0.28661599643041774,233.6
accuracy,0.21122863737232261,0.21122863737232261,0.21122863737232261,0.21122863737232261
macro avg,0.3989512356727301,0.41277567506398904,0.20647703033126671,841.8
weighted avg,0.5514125149916523,0.21122863737232261,0.14618598248743334,841.8
