,precision,recall,f1-score,support
negative,0.23431509560345876,0.18262012893223717,0.2045254167052351,102.8
neutral,0.6666734891860021,0.42957226413747296,0.5222802681966962,505.4
positive,0.34468463007616645,0.6429044712041654,0.4486282420953659,233.6
accuracy,0.4587649486227695,0.4587649486227695,0.4587649486227695,0.4587649486227695
macro avg,0.41522440495520907,0.4183656214246253,0.39181130899909905,841.8
weighted avg,0.5248082387521154,0.4587649486227695,0.46326564446994556,841.8
