,precision,recall,f1-score,support
0,0.8318727773826458,0.8441601236564449,0.8315320925171308,102.8
1,0.9286089476262251,0.8835058589011823,0.9039475456680565,505.4
2,0.8031035209927271,0.8711476946153967,0.8332086601917187,233.6
accuracy,0.875031489575635,0.875031489575635,0.875031489575635,0.875031489575635
macro avg,0.8545284153338659,0.8662712257243411,0.856229432792302,841.8
weighted avg,0.8826650676513988,0.875031489575635,0.8756768073639638,841.8
