,precision,recall,f1-score,support
negative,0.401260105079727,0.4147324764767296,0.40686872510903543,102.8
neutral,0.6726487374764151,0.8619913813441498,0.7555816532142023,505.4
positive,0.6498050588846945,0.24513944049598227,0.3555994369262822,233.6
micro avg,0.6362623250426842,0.6362623250426842,0.6362623250426842,841.8
macro avg,0.5745713004802788,0.5072877661056205,0.5060166050831734,841.8
weighted avg,0.6337315244900626,0.6362623250426842,0.6022705156827937,841.8
accuracy,0.6362623250426842,0.6362623250426842,0.6362623250426842,0.6362623250426842
