,precision,recall,f1-score,support
negative,0.5299403016095869,0.695202559946406,0.6006307430700714,102.8
neutral,0.7834829059800462,0.8398098821997569,0.8105925131871624,505.4
positive,0.748153783686523,0.5283132633482316,0.6190703631996606,233.6
accuracy,0.7358001651576578,0.7358001651576578,0.7358001651576578,0.7358001651576578
macro avg,0.6871923304253854,0.6877752351647981,0.6767645398189648,841.8
weighted avg,0.7433306026311629,0.7358001651576578,0.7321953589376671,841.8
