,precision,recall,f1-score,support
0,0.677706476530006,0.42715989065521265,0.5239724624521344,102.8
1,0.8061689583453242,0.9220388015002596,0.8600511880602468,505.4
2,0.7126723802861175,0.6067317987182789,0.6547383001694819,233.6
accuracy,0.7740589026389988,0.7740589026389988,0.7740589026389988,0.7740589026389988
macro avg,0.7321826050538159,0.6519768302912504,0.6795873168939544,841.8
weighted avg,0.7649845648558822,0.7740589026389988,0.7622280148263862,841.8
