,precision,recall,f1-score,support
negative,0.35509041585654477,0.34622538912528916,0.3499139444318617,102.8
neutral,0.6380113027782953,0.430844944469301,0.5138572113441047,505.4
positive,0.3408470495899569,0.5850375865402819,0.4304826151206521,233.6
accuracy,0.4630532122309405,0.4630532122309405,0.4630532122309405,0.4630532122309405
macro avg,0.44464958940826566,0.4540359733782907,0.43141792363220616,841.8
weighted avg,0.5215309121509663,0.4630532122309405,0.4708077466356072,841.8
