,precision,recall,f1-score,support
negative,0.3186876386489449,0.377760883824559,0.3454605965908648,102.8
neutral,0.690584595467401,0.734284338469993,0.7116426245386153,505.4
positive,0.45227189558163355,0.3519049194744137,0.3954179556526383,233.6
accuracy,0.5849231033640712,0.5849231033640712,0.5849231033640712,0.5849231033640712
macro avg,0.48718137656599314,0.4879833805896553,0.48417372559403943,841.8
weighted avg,0.5794231589618692,0.5849231033640712,0.5795288763248161,841.8
