,precision,recall,f1-score,support
negative,0.3101042191910528,0.4150317137843551,0.3543530289948036,102.8
neutral,0.648839721272344,0.5418271149950582,0.5902854887613491,505.4
positive,0.35970316372233563,0.43651091192082114,0.3940130561111618,233.6
micro avg,0.49680223858658257,0.49680223858658257,0.49680223858658257,841.8
macro avg,0.4395490347285775,0.46445658023341146,0.44621719128910475,841.8
weighted avg,0.527479446399149,0.49680223858658257,0.5070046677569225,841.8
accuracy,0.49680223858658257,0.49680223858658257,0.49680223858658257,0.49680223858658257
