,precision,recall,f1-score,support
negative,0.35509041585654494,0.3462253891252892,0.34991394443186175,102.8
neutral,0.6380113027782953,0.4308449444693011,0.5138572113441047,505.4
positive,0.3408470495899569,0.5850375865402819,0.4304826151206522,233.6
accuracy,0.4630532122309406,0.4630532122309406,0.4630532122309406,0.4630532122309406
macro avg,0.4446495894082657,0.4540359733782907,0.43141792363220616,841.8
weighted avg,0.5215309121509663,0.4630532122309406,0.4708077466356073,841.8
