,precision,recall,f1-score,support
negative,0.2549019607843137,0.41935483870967744,0.31707317073170727,93.0
neutral,0.5811320754716981,0.3623529411764706,0.4463768115942029,425.0
positive,0.25,0.3953488372093023,0.3063063063063063,172.0
micro avg,0.3782608695652174,0.3782608695652174,0.37826086956521743,690.0
macro avg,0.3620113454186706,0.39235220569848345,0.3565854295440722,690.0
weighted avg,0.4546188614904534,0.3782608695652174,0.39403280360908643,690.0
accuracy,0.3782608695652174,0.3782608695652174,0.3782608695652174,0.3782608695652174
