,precision,recall,f1-score,support
0,0.6545454545454545,0.4090909090909091,0.5034965034965035,88.0
1,0.8080808080808081,0.9230769230769231,0.8617594254937163,520.0
2,0.7474226804123711,0.6170212765957447,0.675990675990676,235.0
accuracy,0.7841043890865955,0.7841043890865955,0.7841043890865955,0.7841043890865955
macro avg,0.736682981012878,0.6497297029211923,0.6804155349936319,843.0
weighted avg,0.7751439502952877,0.7841043890865955,0.772574617345473,843.0
