,precision,recall,f1-score,support
negative,0.5539568345323741,0.6695652173913044,0.6062992125984252,115.0
neutral,0.7655677655677655,0.8343313373253493,0.7984718242597898,501.0
positive,0.7278481012658228,0.5066079295154186,0.5974025974025975,227.0
micro avg,0.7236061684460261,0.7236061684460261,0.7236061684460261,843.0
macro avg,0.6824575671219875,0.6701681614106908,0.6673912114202708,843.0
weighted avg,0.7265433042799707,0.7236061684460261,0.7181129098616409,843.0
accuracy,0.7236061684460261,0.7236061684460261,0.7236061684460261,0.7236061684460261
