,precision,recall,f1-score,support
negative,0.13799283154121864,0.875,0.23839009287925694,88.0
neutral,0.8333333333333334,0.028846153846153848,0.055762081784386616,520.0
positive,0.2846441947565543,0.32340425531914896,0.3027888446215139,235.0
accuracy,0.199288256227758,0.199288256227758,0.199288256227758,0.199288256227758
macro avg,0.4186567865437021,0.40908346972176757,0.19898033976171914,843.0
weighted avg,0.6077913265441884,0.199288256227758,0.14368919239301473,843.0
