,precision,recall,f1-score,support
0,0.7894736842105263,0.8522727272727273,0.819672131147541,88.0
1,0.9619450317124736,0.875,0.9164149043303121,520.0
2,0.7854545454545454,0.9191489361702128,0.8470588235294116,235.0
accuracy,0.8849347568208779,0.8849347568208779,0.8849347568208779,0.8849347568208779
macro avg,0.8456244204591817,0.8821405544809799,0.8610486196690882,843.0
weighted avg,0.8947413035383521,0.8849347568208779,0.886981875826996,843.0
