,precision,recall,f1-score,support
negative,0.24757281553398058,0.4434782608695652,0.31775700934579443,115.0
neutral,0.6141975308641975,0.3972055888223553,0.4824242424242424,501.0
positive,0.28753993610223644,0.3964757709251101,0.33333333333333337,227.0
micro avg,0.4033214709371293,0.4033214709371293,0.4033214709371293,843.0
macro avg,0.38310342750013815,0.41238654020567683,0.3778381950344567,843.0
weighted avg,0.47622230396747134,0.4033214709371293,0.4198140785242924,843.0
accuracy,0.4033214709371293,0.4033214709371293,0.4033214709371293,0.4033214709371293
