,precision,recall,f1-score,support
negative,0.34375,0.375,0.358695652173913,88.0
neutral,0.6840579710144927,0.45384615384615384,0.545664739884393,520.0
positive,0.35572139303482586,0.6085106382978723,0.44897959183673464,235.0
accuracy,0.4887307236061684,0.4887307236061684,0.4887307236061684,0.4887307236061684
macro avg,0.46117645468310614,0.47911893071467543,0.4511133279650135,843.0
weighted avg,0.55700435621675,0.4887307236061684,0.4991946455668107,843.0
