,precision,recall,f1-score,support
0,0.8604651162790697,0.8409090909090909,0.8505747126436781,88.0
1,0.9724137931034482,0.8134615384615385,0.8858638743455497,520.0
2,0.7142857142857143,0.9787234042553191,0.8258527827648116,235.0
accuracy,0.8623962040332147,0.8623962040332147,0.8623962040332147,0.8623962040332147
macro avg,0.8490548745560774,0.8776980112086495,0.8540971232513465,843.0
weighted avg,0.8887701607396135,0.8623962040332147,0.8654510003820407,843.0
