,precision,recall,f1-score,support
negative,0.23478260869565218,0.3068181818181818,0.2660098522167488,88.0
neutral,0.7069943289224953,0.7192307692307692,0.7130600571973308,520.0
positive,0.46733668341708545,0.39574468085106385,0.42857142857142855,235.0
accuracy,0.5860023724792408,0.5860023724792408,0.5860023724792408,0.5860023724792408
macro avg,0.46970454034507764,0.47393121063333826,0.4692137793285027,843.0
weighted avg,0.5908921010770225,0.5860023724792408,0.5870870491719711,843.0
