,precision,recall,f1-score,support
negative,0.4253731343283582,0.6477272727272727,0.5135135135135135,88.0
neutral,0.7834862385321101,0.8211538461538461,0.8018779342723005,520.0
positive,0.7682926829268293,0.5361702127659574,0.6315789473684211,235.0
accuracy,0.7236061684460261,0.7236061684460261,0.7236061684460261,0.7236061684460261
macro avg,0.6590506852624325,0.6683504438823588,0.6489901317180783,843.0
weighted avg,0.7418676872424645,0.7236061684460261,0.7243022154713693,843.0
