,precision,recall,f1-score,support
negative,0.29213483146067415,0.29545454545454547,0.2937853107344633,88.0
neutral,0.7912371134020618,0.5903846153846154,0.6762114537444934,520.0
positive,0.4562841530054645,0.7106382978723405,0.5557404326123129,235.0
accuracy,0.5931198102016607,0.5931198102016607,0.5931198102016607,0.5931198102016607
macro avg,0.5132186992894001,0.5321591529038338,0.5085790656970898,843.0
weighted avg,0.6457626810129248,0.5931198102016607,0.6027070758667412,843.0
