,precision,recall,f1-score,support
negative,0.21875,0.1590909090909091,0.18421052631578946,88.0
neutral,0.6809116809116809,0.4596153846153846,0.5487944890929966,520.0
positive,0.34345794392523366,0.625531914893617,0.44343891402714936,235.0
accuracy,0.4744958481613286,0.4744958481613286,0.4744958481613286,0.4744958481613286
macro avg,0.4143732082789715,0.4147460695333036,0.39214797647864513,843.0
weighted avg,0.5385963118582491,0.4744958481613286,0.48136631724855017,843.0
