,precision,recall,f1-score,support
negative,0.4177215189873418,0.28695652173913044,0.3402061855670103,115.0
neutral,0.7236467236467237,0.5069860279441117,0.5962441314553991,501.0
positive,0.3801452784503632,0.6916299559471366,0.49062500000000003,227.0
micro avg,0.5266903914590747,0.5266903914590747,0.5266903914590747,843.0
macro avg,0.5071711736948096,0.49519083521012625,0.4756917723408032,843.0
weighted avg,0.5894163243639209,0.5266903914590747,0.5328753217074271,843.0
accuracy,0.5266903914590747,0.5266903914590747,0.5266903914590747,0.5266903914590747
