,precision,recall,f1-score,support
negative,0.75,0.4090909090909091,0.5294117647058824,22.0
neutral,0.031746031746031744,1.0,0.06153846153846154,2.0
positive,0.9166666666666666,0.1746031746031746,0.29333333333333333,63.0
accuracy,0.25287356321839083,0.25287356321839083,0.25287356321839083,0.25287356321839083
macro avg,0.5661375661375662,0.527898027898028,0.2947611865258924,87.0
weighted avg,0.8541780696953111,0.25287356321839083,0.3477027097311073,87.0
