,precision,recall,f1-score,support
0,0.0,0.0,0.0,22.0
1,0.0,0.0,0.0,2.0
2,0.7241379310344828,1.0,0.8400000000000001,63.0
accuracy,0.7241379310344828,0.7241379310344828,0.7241379310344828,0.7241379310344828
macro avg,0.2413793103448276,0.3333333333333333,0.28,87.0
weighted avg,0.5243757431629013,0.7241379310344828,0.6082758620689656,87.0
