,precision,recall,f1-score,support
negative,0.5714285714285714,0.18181818181818182,0.27586206896551724,22.0
neutral,0.017857142857142856,0.5,0.03448275862068965,2.0
positive,0.7916666666666666,0.30158730158730157,0.43678160919540227,63.0
accuracy,0.27586206896551724,0.27586206896551724,0.27586206896551724,0.27586206896551724
macro avg,0.4603174603174603,0.3278018278018278,0.24904214559386972,87.0
weighted avg,0.7181855500821018,0.27586206896551724,0.38684106222750686,87.0
