,precision,recall,f1-score,support
negative,0.5909090909090909,0.5909090909090909,0.5909090909090909,22.0
neutral,0.03333333333333333,0.5,0.0625,2.0
positive,0.8285714285714286,0.4603174603174603,0.5918367346938775,63.0
accuracy,0.4942528735632184,0.4942528735632184,0.4942528735632184,0.4942528735632184
macro avg,0.48427128427128424,0.517075517075517,0.4150819418676561,87.0
weighted avg,0.750191570881226,0.4942528735632184,0.5794334975369458,87.0
