,precision,recall,f1-score,support
negative,0.27586206896551724,0.7272727272727273,0.4,22.0
neutral,0.0,0.0,0.0,2.0
positive,0.7777777777777778,0.3333333333333333,0.4666666666666666,63.0
accuracy,0.42528735632183906,0.42528735632183906,0.42528735632183906,0.42528735632183906
macro avg,0.351213282247765,0.35353535353535354,0.2888888888888889,87.0
weighted avg,0.6329766151407056,0.42528735632183906,0.43908045977011495,87.0
