,precision,recall,f1-score,support
negative,0.7857142857142857,0.5,0.6111111111111112,22.0
neutral,0.03773584905660377,1.0,0.07272727272727272,2.0
positive,0.95,0.30158730158730157,0.4578313253012048,63.0
accuracy,0.367816091954023,0.367816091954023,0.367816091954023,0.367816091954023
macro avg,0.5911500449236299,0.6005291005291006,0.38055656971319624,87.0
weighted avg,0.8874848963658333,0.367816091954023,0.48773876418247003,87.0
