,precision,recall,f1-score,support
negative,0.6,0.5454545454545454,0.5714285714285713,22.0
neutral,0.024390243902439025,0.5,0.046511627906976744,2.0
positive,0.8461538461538461,0.3492063492063492,0.49438202247191015,63.0
accuracy,0.40229885057471265,0.40229885057471265,0.40229885057471265,0.40229885057471265
macro avg,0.49018136335209506,0.4648869648869649,0.3707740739358194,87.0
weighted avg,0.7650169286838757,0.40229885057471265,0.5035691867008375,87.0
