,precision,recall,f1-score,support
negative,0.6428571428571429,0.4090909090909091,0.5000000000000001,22.0
neutral,0.02702702702702703,0.5,0.05128205128205129,2.0
positive,0.75,0.42857142857142855,0.5454545454545454,63.0
accuracy,0.42528735632183906,0.42528735632183906,0.42528735632183906,0.42528735632183906
macro avg,0.47329472329472333,0.44588744588744594,0.36557886557886565,87.0
weighted avg,0.7062863355966805,0.42528735632183906,0.522600005358626,87.0
