,precision,recall,f1-score,support
0,0.8235294117647058,0.6363636363636364,0.717948717948718,22.0
1,0.0,0.0,0.0,2.0
2,0.8571428571428571,0.9523809523809523,0.9022556390977443,63.0
accuracy,0.8505747126436781,0.8505747126436781,0.8505747126436781,0.8505747126436781
macro avg,0.5602240896358542,0.5295815295815296,0.5400681190154875,87.0
weighted avg,0.8289384719405004,0.8505747126436781,0.8349077822762033,87.0
