,precision,recall,f1-score,support
negative,0.6428571428571429,0.4090909090909091,0.5000000000000001,22.0
neutral,0.03333333333333333,1.0,0.06451612903225806,2.0
positive,0.8461538461538461,0.1746031746031746,0.2894736842105263,63.0
accuracy,0.25287356321839083,0.25287356321839083,0.25287356321839083,0.25287356321839083
macro avg,0.5074481074481074,0.527898027898028,0.2846632710809282,87.0
weighted avg,0.7760599553703003,0.25287356321839083,0.3375387857853756,87.0
