,precision,recall,f1-score,support
0,0.26666666666666666,0.7272727272727273,0.3902439024390244,22.0
1,0.0,0.0,0.0,2.0
2,0.7407407407407407,0.31746031746031744,0.4444444444444444,63.0
accuracy,0.41379310344827586,0.41379310344827586,0.41379310344827586,0.41379310344827586
macro avg,0.3358024691358024,0.34824434824434825,0.27822944896115626,87.0
weighted avg,0.6038314176245211,0.41379310344827586,0.42052144659377627,87.0
