,precision,recall,f1-score,support
negative,0.46153846153846156,0.5454545454545454,0.4999999999999999,22.0
neutral,0.02040816326530612,0.5,0.039215686274509796,2.0
positive,0.75,0.14285714285714285,0.24,63.0
accuracy,0.25287356321839083,0.25287356321839083,0.25287356321839083,0.25287356321839083
macro avg,0.4106488749345892,0.39610389610389607,0.2597385620915032,87.0
weighted avg,0.6602834767859398,0.25287356321839083,0.3011313950867703,87.0
