,precision,recall,f1-score,support
negative,0.47058823529411764,0.36363636363636365,0.41025641025641024,22.0
neutral,0.05128205128205128,1.0,0.09756097560975609,2.0
positive,0.8387096774193549,0.4126984126984127,0.553191489361702,63.0
accuracy,0.41379310344827586,0.41379310344827586,0.41379310344827586,0.41379310344827586
macro avg,0.4535266546651746,0.5921115921115921,0.3536696250759561,87.0
weighted avg,0.72751971214315,0.41379310344827586,0.5065727219154915,87.0
