,precision,recall,f1-score,support
negative,0.4782608695652174,0.5,0.4888888888888889,22.0
neutral,0.04878048780487805,1.0,0.09302325581395349,2.0
positive,0.9130434782608695,0.3333333333333333,0.48837209302325574,63.0
accuracy,0.39080459770114945,0.39080459770114945,0.39080459770114945,0.39080459770114945
macro avg,0.480028278543655,0.611111111111111,0.35676141257536603,87.0
weighted avg,0.7832303360514864,0.39080459770114945,0.47941429801894914,87.0
