,precision,recall,f1-score,support
negative,0.38095238095238093,0.22535211267605634,0.2831858407079646,71.0
neutral,0.03296703296703297,0.3333333333333333,0.06,9.0
positive,0.6101694915254238,0.32142857142857145,0.42105263157894735,112.0
accuracy,0.2864583333333333,0.2864583333333333,0.2864583333333333,0.2864583333333333
macro avg,0.34136296848161257,0.29337133914598706,0.25474615742897067,192.0
weighted avg,0.4983505489331761,0.2864583333333333,0.35314629909951867,192.0
