,precision,recall,f1-score,support
negative,0.6744186046511628,0.4084507042253521,0.5087719298245613,71.0
neutral,0.08641975308641975,0.7777777777777778,0.15555555555555556,9.0
positive,0.7647058823529411,0.4642857142857143,0.5777777777777777,112.0
accuracy,0.4583333333333333,0.4583333333333333,0.4583333333333333,0.4583333333333333
macro avg,0.5085147466968413,0.5501713987629481,0.4140350877192982,192.0
weighted avg,0.6995237371434362,0.4583333333333333,0.5324683235867446,192.0
