,precision,recall,f1-score,support
negative,0.625,0.14084507042253522,0.22988505747126436,71.0
neutral,0.04,0.5555555555555556,0.07462686567164178,9.0
positive,0.7058823529411765,0.32142857142857145,0.44171779141104295,112.0
accuracy,0.265625,0.265625,0.265625,0.265625
macro avg,0.45696078431372555,0.3392763991355541,0.24874323818464972,192.0
weighted avg,0.6447594975490196,0.265625,0.3461764245288612,192.0
