,precision,recall,f1-score,support
negative,0.6904761904761905,0.4084507042253521,0.5132743362831858,71.0
neutral,0.032,0.4444444444444444,0.059701492537313425,9.0
positive,0.6,0.13392857142857142,0.218978102189781,112.0
accuracy,0.25,0.25,0.25,0.25
macro avg,0.4408253968253968,0.3289412400327893,0.2639846436700934,192.0
weighted avg,0.6068323412698412,0.25,0.3203403060114452,192.0
