,precision,recall,f1-score,support
negative,0.6521739130434783,0.4225352112676056,0.5128205128205128,71.0
neutral,0.056338028169014086,0.4444444444444444,0.1,9.0
positive,0.6933333333333334,0.4642857142857143,0.5561497326203207,112.0
accuracy,0.4479166666666667,0.4479166666666667,0.4479166666666667,0.4479166666666667
macro avg,0.46728175818194195,0.4437551233325881,0.3896567484802778,192.0
weighted avg,0.6482537677757366,0.4479166666666667,0.5187449294986058,192.0
