,precision,recall,f1-score,support
negative,0.4251968503937008,0.7605633802816901,0.5454545454545454,71.0
neutral,0.0,0.0,0.0,9.0
positive,0.711864406779661,0.375,0.4912280701754387,112.0
accuracy,0.5,0.5,0.5,0.5
macro avg,0.3790204190577873,0.3785211267605633,0.3455608718766614,192.0
weighted avg,0.5724884892566395,0.5,0.4882542530568847,192.0
