,precision,recall,f1-score,support
negative,0.8620689655172413,0.352112676056338,0.5,71.0
neutral,0.053691275167785234,0.8888888888888888,0.10126582278481013,9.0
positive,0.7857142857142857,0.09821428571428571,0.1746031746031746,112.0
accuracy,0.22916666666666666,0.22916666666666666,0.22916666666666666,0.22916666666666666
macro avg,0.5671581754664374,0.4464052835531709,0.25862299912932823,192.0
weighted avg,0.7796360313970531,0.22916666666666666,0.2914945206282231,192.0
