,precision,recall,f1-score,support
0,0.8115942028985508,0.7887323943661971,0.8,71.0
1,0.0,0.0,0.0,9.0
2,0.8292682926829268,0.9107142857142857,0.8680851063829788,112.0
accuracy,0.8229166666666666,0.8229166666666666,0.8229166666666666,0.8229166666666666
macro avg,0.5469541651938258,0.5664822266934942,0.5560283687943263,192.0
weighted avg,0.783860610345234,0.8229166666666666,0.8022163120567377,192.0
