,precision,recall,f1-score,support
negative,0.875,0.39436619718309857,0.5436893203883495,71.0
neutral,0.064,0.8888888888888888,0.11940298507462685,9.0
positive,0.8857142857142857,0.2767857142857143,0.42176870748299317,112.0
accuracy,0.3489583333333333,0.3489583333333333,0.3489583333333333,0.3489583333333333
macro avg,0.6082380952380952,0.5200136001192339,0.3616203376486565,192.0
weighted avg,0.8432343749999999,0.3489583333333333,0.45268054089239423,192.0
