,precision,recall,f1-score,support
negative,0.5952380952380952,0.352112676056338,0.44247787610619466,71.0
neutral,0.045454545454545456,0.5555555555555556,0.08403361344537816,9.0
positive,0.775,0.2767857142857143,0.40789473684210525,112.0
accuracy,0.3177083333333333,0.3177083333333333,0.3177083333333333,0.3177083333333333
macro avg,0.47189754689754687,0.39481798196586926,0.31146874213122605,192.0
weighted avg,0.6743281024531024,0.3177083333333333,0.4055023033899167,192.0
