,precision,recall,f1-score,support
negative,0.6428571428571429,0.2535211267605634,0.36363636363636365,71.0
neutral,0.031914893617021274,0.3333333333333333,0.058252427184466014,9.0
positive,0.6714285714285714,0.41964285714285715,0.5164835164835165,112.0
accuracy,0.3541666666666667,0.3541666666666667,0.3541666666666667,0.3541666666666667
macro avg,0.44873353596757853,0.33549910574558467,0.3127907691014487,192.0
weighted avg,0.6308858915906788,0.3541666666666667,0.43848233077602017,192.0
