,precision,recall,f1-score,support
0,0.0,0.0,0.0,71.0
1,0.0,0.0,0.0,9.0
2,0.5833333333333334,1.0,0.7368421052631579,112.0
accuracy,0.5833333333333334,0.5833333333333334,0.5833333333333334,0.5833333333333334
macro avg,0.19444444444444445,0.3333333333333333,0.24561403508771928,192.0
weighted avg,0.34027777777777785,0.5833333333333334,0.4298245614035088,192.0
