,precision,recall,f1-score,support
negative,0.7222222222222222,0.36619718309859156,0.4859813084112149,71.0
neutral,0.06015037593984962,0.8888888888888888,0.11267605633802817,9.0
positive,0.9130434782608695,0.1875,0.31111111111111106,112.0
accuracy,0.2864583333333333,0.2864583333333333,0.2864583333333333,0.2864583333333333
macro avg,0.5651386921409804,0.4808620239958268,0.30325615862011807,192.0
weighted avg,0.8025000037836136,0.2864583333333333,0.3664750096285571,192.0
