,precision,recall,f1-score,support
negative,0.423728813559322,0.3048780487804878,0.35460992907801414,82.0
neutral,0.8128654970760234,0.6405529953917051,0.7164948453608248,434.0
positive,0.42214532871972316,0.7011494252873564,0.5269978401727862,174.0
accuracy,0.6159420289855072,0.6159420289855072,0.6159420289855072,0.6159420289855072
macro avg,0.5529132131183562,0.5488601564865164,0.5327008715372084,690.0
weighted avg,0.6680908342610006,0.6159420289855072,0.6257020308131302,690.0
