,precision,recall,f1-score,support
0,0.958904109589041,0.8536585365853658,0.9032258064516128,82.0
1,0.9731051344743277,0.9170506912442397,0.944246737841044,434.0
2,0.8125,0.9712643678160919,0.8848167539267016,174.0
accuracy,0.9231884057971015,0.9231884057971015,0.9231884057971015,0.9231884057971015
macro avg,0.9148364146877895,0.9139911985485658,0.9107630994064527,690.0
weighted avg,0.9309170512292168,0.9231884057971015,0.9243850949786832,690.0
