,precision,recall,f1-score,support
negative,0.5566037735849056,0.7195121951219512,0.6276595744680851,82.0
neutral,0.8351893095768375,0.8640552995391705,0.8493771234428085,434.0
positive,0.8,0.6206896551724138,0.6990291262135923,174.0
accuracy,0.7855072463768116,0.7855072463768116,0.7855072463768116,0.7855072463768116
macro avg,0.7305976943872476,0.7347523832778452,0.725355274708162,690.0
weighted avg,0.7932082170874054,0.7855072463768116,0.7851142386111983,690.0
