,precision,recall,f1-score,support
negative,0.3263157894736842,0.3780487804878049,0.3502824858757062,82.0
neutral,0.7326086956521739,0.7764976958525346,0.7539149888143177,434.0
positive,0.45185185185185184,0.3505747126436782,0.39482200647249194,174.0
accuracy,0.6217391304347826,0.6217391304347826,0.6217391304347826,0.6217391304347826
macro avg,0.5035921123259034,0.5017070629946726,0.49967316038750526,690.0
weighted avg,0.6135250592349388,0.6217391304347826,0.6153931856716455,690.0
