,precision,recall,f1-score,support
0,0.8275862068965517,0.8780487804878049,0.8520710059171597,82.0
1,0.9784172661870504,0.9400921658986175,0.9588719153936546,434.0
2,0.8333333333333334,0.8908045977011494,0.8611111111111113,174.0
accuracy,0.9202898550724637,0.9202898550724637,0.9202898550724637,0.9202898550724637
macro avg,0.8797789354723119,0.9029818480291906,0.8906846774739751,690.0
weighted avg,0.9239060325952132,0.9202898550724637,0.9215269088396906,690.0
