,precision,recall,f1-score,support
negative,0.1522633744855967,0.9024390243902439,0.2605633802816902,82.0
neutral,0.6428571428571429,0.020737327188940093,0.04017857142857143,434.0
positive,0.2,0.21839080459770116,0.2087912087912088,174.0
accuracy,0.1753623188405797,0.1753623188405797,0.1753623188405797,0.1753623188405797
macro avg,0.33170683911424653,0.38052238539229505,0.1698443868338235,690.0
weighted avg,0.47287767638814343,0.1753623188405797,0.10888893842430279,690.0
