,precision,recall,f1-score,support
0,0.723404255319149,0.4146341463414634,0.5271317829457364,82.0
1,0.8574423480083857,0.9423963133640553,0.8979143798024148,434.0
2,0.7168674698795181,0.6839080459770115,0.7000000000000001,174.0
accuracy,0.8144927536231884,0.8144927536231884,0.8144927536231884,0.8144927536231884
macro avg,0.7659046910690176,0.6803128352275101,0.7083487209160504,690.0
weighted avg,0.8060638662765881,0.8144927536231884,0.8039415174431862,690.0
