,precision,recall,f1-score,support
negative,0.42857142857142855,0.4024390243902439,0.41509433962264153,82.0
neutral,0.6666666666666666,0.45622119815668205,0.5417236662106704,434.0
positive,0.2848101265822785,0.5172413793103449,0.36734693877551017,174.0
accuracy,0.4652173913043478,0.4652173913043478,0.4652173913043478,0.4652173913043478
macro avg,0.4600160739401245,0.458633867285757,0.44138831486960733,690.0
weighted avg,0.5420770326108796,0.4652173913043478,0.4827017019296034,690.0
