,precision,recall,f1-score,support
negative,0.21311475409836064,0.15853658536585366,0.1818181818181818,82.0
neutral,0.7102473498233216,0.4631336405529954,0.5606694560669455,434.0
positive,0.2947976878612717,0.5862068965517241,0.39230769230769236,174.0
accuracy,0.4579710144927536,0.4579710144927536,0.4579710144927536,0.4579710144927536
macro avg,0.4060532639276513,0.40262570749019105,0.37826511006427327,690.0
weighted avg,0.5464022570249978,0.4579710144927536,0.4731901062372228,690.0
