,precision,recall,f1-score,support
negative,0.5234375,0.6767676767676768,0.5903083700440528,99.0
neutral,0.7788104089219331,0.8346613545816733,0.8057692307692308,502.0
positive,0.7428571428571429,0.5416666666666666,0.6265060240963857,240.0
micro avg,0.7324613555291319,0.7324613555291319,0.7324613555291319,841.0
macro avg,0.6817016839263587,0.6843652326720057,0.6741945416365565,841.0
weighted avg,0.7384885280196488,0.7324613555291319,0.7292486661874527,841.0
accuracy,0.7324613555291319,0.7324613555291319,0.7324613555291319,0.7324613555291319
