,precision,recall,f1-score,support
negative,0.34328358208955223,0.42201834862385323,0.3786008230452675,109.0
neutral,0.6871401151631478,0.7261663286004056,0.7061143984220907,493.0
positive,0.42245989304812837,0.32916666666666666,0.37002341920374704,240.0
accuracy,0.5736342042755345,0.5736342042755345,0.5736342042755345,0.5736342042755345
macro avg,0.48429453010027607,0.49245044796364185,0.4849128802237017,842.0
weighted avg,0.567183327262166,0.5736342042755345,0.5679186564642804,842.0
