,precision,recall,f1-score,support
negative,0.3225806451612903,0.27522935779816515,0.297029702970297,109.0
neutral,0.6037735849056604,0.4543610547667343,0.5185185185185186,493.0
positive,0.3439153439153439,0.5416666666666666,0.42071197411003236,240.0
accuracy,0.45605700712589076,0.45605700712589076,0.45605700712589076,0.45605700712589076
macro avg,0.42342319132743156,0.42375235974385533,0.41208673186628264,842.0
weighted avg,0.49330326629543203,0.45605700712589076,0.46196762593800456,842.0
