,precision,recall,f1-score,support
0,0.925,0.6788990825688074,0.783068783068783,109.0
1,0.8745387453874539,0.9614604462474645,0.9159420289855073,493.0
2,0.8863636363636364,0.8125,0.8478260869565218,240.0
accuracy,0.8824228028503563,0.8824228028503563,0.8824228028503563,0.8824228028503563
macro avg,0.8953007939170301,0.8176198429387572,0.8489456330036041,842.0
weighted avg,0.8844416558233819,0.8824228028503563,0.8793256276887383,842.0
