,precision,recall,f1-score,support
negative,0.22966507177033493,0.45714285714285713,0.3057324840764331,105.0
neutral,0.65,0.39543726235741444,0.49172576832151305,526.0
positive,0.31629392971246006,0.46919431279620855,0.3778625954198473,211.0
micro avg,0.42161520190023755,0.42161520190023755,0.4216152019002376,842.0
macro avg,0.398653000494265,0.44059147743216004,0.39177361593926446,842.0
weighted avg,0.5139582561819648,0.42161520190023755,0.4399984235139301,842.0
accuracy,0.42161520190023755,0.42161520190023755,0.42161520190023755,0.42161520190023755
