,precision,recall,f1-score,support
0,0.8990825688073395,0.8990825688073395,0.8990825688073395,109.0
1,0.9495614035087719,0.8782961460446247,0.9125395152792413,493.0
2,0.8014440433212996,0.925,0.8588007736943907,240.0
accuracy,0.8942992874109263,0.8942992874109263,0.8942992874109263,0.8942992874109263
macro avg,0.8833626718791371,0.9007929049506548,0.8901409525936571,842.0
weighted avg,0.9008080075141763,0.8942992874109263,0.8954800079801896,842.0
