,precision,recall,f1-score,support
negative,0.42,0.3853211009174312,0.4019138755980861,109.0
neutral,0.7735368956743003,0.6166328600405679,0.6862302483069977,493.0
positive,0.46418338108882523,0.675,0.5500848896434636,240.0
accuracy,0.6033254156769596,0.6033254156769596,0.6033254156769596,0.6033254156769596
macro avg,0.5525734255877085,0.5589846536526665,0.5460763378495158,842.0
weighted avg,0.6395934691552827,0.6033254156769596,0.6106181690854781,842.0
