,precision,recall,f1-score,support
negative,0.5606060606060606,0.6788990825688074,0.6141078838174274,109.0
neutral,0.7695167286245354,0.8397565922920892,0.8031037827352085,493.0
positive,0.7383720930232558,0.5291666666666667,0.616504854368932,240.0
accuracy,0.7304038004750594,0.7304038004750594,0.7304038004750594,0.7304038004750594
macro avg,0.6894982940846172,0.6826074471758544,0.6779055069738561,842.0
weighted avg,0.7335951426882873,0.7304038004750594,0.7254502247899063,842.0
