,precision,recall,f1-score,support
0,0.6714285714285714,0.43119266055045874,0.5251396648044694,109.0
1,0.7858376511226253,0.922920892494929,0.8488805970149255,493.0
2,0.7253886010362695,0.5833333333333334,0.6466512702078522,240.0
accuracy,0.7624703087885986,0.7624703087885986,0.7624703087885986,0.7624703087885986
macro avg,0.7275516078624887,0.645815628792907,0.6735571773424157,842.0
weighted avg,0.7537968414939111,0.7624703087885986,0.7493285779595368,842.0
