,precision,recall,f1-score,support
negative,0.21428571428571427,0.1926605504587156,0.2028985507246377,109.0
neutral,0.6857142857142857,0.4381338742393509,0.5346534653465346,493.0
positive,0.36596736596736595,0.6541666666666667,0.46935724962630787,240.0
accuracy,0.4679334916864608,0.4679334916864608,0.4679334916864608,0.4679334916864608
macro avg,0.42198912198912203,0.4283203637882444,0.4023030885658267,842.0
weighted avg,0.5335468569435315,0.4679334916864608,0.47309482227451416,842.0
