,precision,recall,f1-score,support
negative,0.17157712305025996,0.908256880733945,0.2886297376093295,109.0
neutral,0.7037037037037037,0.038539553752535496,0.07307692307692308,493.0
positive,0.2773109243697479,0.275,0.27615062761506276,240.0
accuracy,0.21852731591448932,0.21852731591448932,0.21852731591448932,0.21852731591448932
macro avg,0.38419725037457053,0.40726547816216013,0.21261909610043847,842.0
weighted avg,0.5132808244502894,0.21852731591448932,0.1588642697196616,842.0
