,precision,recall,f1-score,support
0,0.8888888888888888,0.8674698795180723,0.8780487804878048,83.0
1,0.9583333333333334,0.9741176470588235,0.9661610268378062,425.0
2,0.9204545454545454,0.8950276243093923,0.907563025210084,181.0
accuracy,0.9404934687953556,0.9404934687953556,0.9404934687953556,0.9404934687953556
macro avg,0.9225589225589226,0.9122050502954294,0.9172576108452316,689.0
weighted avg,0.9400170060547419,0.9404934687953556,0.9401529648034552,689.0
