,precision,recall,f1-score,support
negative,0.5803571428571429,0.7831325301204819,0.6666666666666667,83.0
neutral,0.8408071748878924,0.8823529411764706,0.8610792192881744,425.0
positive,0.8244274809160306,0.5966850828729282,0.6923076923076923,181.0
accuracy,0.795355587808418,0.795355587808418,0.795355587808418,0.795355587808418
macro avg,0.7485305995536886,0.7540568513899603,0.7400178594208445,689.0
weighted avg,0.8051292688393304,0.795355587808418,0.793323213118287,689.0
