,precision,recall,f1-score,support
0,0.8602150537634409,0.963855421686747,0.909090909090909,83.0
1,0.9644549763033176,0.9576470588235294,0.961038961038961,425.0
2,0.9310344827586207,0.8950276243093923,0.9126760563380282,181.0
accuracy,0.941944847605225,0.941944847605225,0.941944847605225,0.941944847605225
macro avg,0.9185681709417931,0.9388433682732229,0.9276019754892993,689.0
weighted avg,0.94311822317937,0.941944847605225,0.9420761539815485,689.0
