,precision,recall,f1-score,support
negative,0.2,0.14457831325301204,0.16783216783216784,83.0
neutral,0.673202614379085,0.48470588235294115,0.5636114911080712,425.0
positive,0.3281733746130031,0.585635359116022,0.42063492063492064,181.0
accuracy,0.4702467343976778,0.4702467343976778,0.4702467343976778,0.4702467343976778
macro avg,0.4004586629973627,0.40497318490732503,0.3840261931917199,689.0
weighted avg,0.5255594947983523,0.4702467343976778,0.4783742732741956,689.0
