,precision,recall,f1-score,support
negative,0.15384615384615385,0.891566265060241,0.26241134751773054,83.0
neutral,0.6428571428571429,0.021176470588235293,0.04100227790432802,425.0
positive,0.27319587628865977,0.292817679558011,0.2826666666666666,181.0
accuracy,0.19738751814223512,0.19738751814223512,0.19738751814223512,0.19738751814223512
macro avg,0.3566330576639855,0.40185347173549574,0.19536009736290838,689.0
weighted avg,0.48683885354392437,0.19738751814223512,0.1311593274600547,689.0
