,precision,recall,f1-score,support
negative,0.32989690721649484,0.3855421686746988,0.35555555555555557,83.0
neutral,0.7130044843049327,0.7482352941176471,0.7301951779563721,425.0
positive,0.4178082191780822,0.3370165745856354,0.3730886850152906,181.0
accuracy,0.5965166908563135,0.5965166908563135,0.5965166908563135,0.5965166908563135
macro avg,0.48690320356650324,0.49026467912599375,0.4862798061757394,689.0
weighted avg,0.5893057137878059,0.5965166908563135,0.5912527049787182,689.0
