,precision,recall,f1-score,support
negative,0.4155844155844156,0.3855421686746988,0.4,83.0
neutral,0.8389057750759878,0.6494117647058824,0.7320954907161804,425.0
positive,0.46996466431095407,0.7348066298342542,0.5732758620689655,181.0
accuracy,0.6400580551523948,0.6400580551523948,0.6400580551523948,0.6400580551523948
macro avg,0.5748182849904525,0.5899201877382784,0.5684571175950487,689.0
weighted avg,0.69098993489272,0.6400580551523948,0.6503679457022633,689.0
