,precision,recall,f1-score,support
negative,0.2898550724637681,0.24096385542168675,0.2631578947368421,83.0
neutral,0.628482972136223,0.4776470588235294,0.5427807486631017,425.0
positive,0.3063973063973064,0.5027624309392266,0.38075313807531386,181.0
accuracy,0.45573294629898403,0.45573294629898403,0.45573294629898403,0.45573294629898403
macro avg,0.4082451169990992,0.4071244483948142,0.3955639271584192,689.0
weighted avg,0.5030785872718432,0.45573294629898403,0.4665315550603889,689.0
