,precision,recall,f1-score,support
0,0.7894736842105263,0.569620253164557,0.6617647058823529,79.0
1,0.0,0.0,0.0,5.0
2,0.725925925925926,0.9074074074074074,0.8065843621399178,108.0
accuracy,0.7447916666666666,0.7447916666666666,0.7447916666666666,0.7447916666666666
macro avg,0.5051332033788175,0.4923425535239881,0.48944968934075694,192.0
weighted avg,0.7331688596491229,0.7447916666666666,0.7259923066448802,192.0
