,precision,recall,f1-score,support
0,0.8928025116499348,0.9607336643914411,0.9233593229102883,60.6
1,0.9876799766009459,0.9662827383993283,0.9765869453844574,277.2
2,0.9422280305299173,0.9506451927944652,0.9457617852706945,114.0
accuracy,0.9615043121575585,0.9615043121575585,0.9615043121575585,0.9615043121575585
macro avg,0.940903506260266,0.9592205318617448,0.9485693511884801,451.8
weighted avg,0.964157985300497,0.9615043121575585,0.9619714545408877,451.8
