,precision,recall,f1-score,support
negative,0.41958492608027687,0.3368707019965744,0.3693931702997383,60.6
neutral,0.8392042415058956,0.6685589596878061,0.7438997154124939,277.2
positive,0.45735216663749945,0.7298153724030887,0.561508105484999,114.0
accuracy,0.6392277581463139,0.6392277581463139,0.6392277581463139,0.6392277581463139
macro avg,0.5720471114078907,0.5784150113624897,0.5582669970657437,451.8
weighted avg,0.6868299242502222,0.6392277581463139,0.6476862228722233,451.8
