,precision,recall,f1-score,support
negative,0.17815562053052642,0.946583838228903,0.2997315335668951,60.6
neutral,0.7958823529411765,0.03316850944967382,0.06333431465349748,277.2
positive,0.17974068744776228,0.1864279686278153,0.18273294606341972,114.0
accuracy,0.19477403183775405,0.19477403183775405,0.19477403183775405,0.19477403183775405
macro avg,0.384592886973155,0.3887267721021307,0.18193293142793743,451.8
weighted avg,0.5581336200284347,0.19477403183775405,0.1257355849001363,451.8
