,precision,recall,f1-score,support
negative,0.37109605167257703,0.33172666295983844,0.3497065064492287,60.6
neutral,0.638486238326806,0.46293282223293497,0.5366156870514279,277.2
positive,0.3026245908857026,0.5208372435824035,0.3827256632482857,114.0
accuracy,0.46035749478293103,0.46035749478293103,0.46035749478293103,0.46035749478293103
macro avg,0.43740229362836186,0.43849890959172566,0.4230159522496474,451.8
weighted avg,0.518550151881376,0.46035749478293103,0.4732865214140743,451.8
