,precision,recall,f1-score,support
negative,0.63510619269915,0.8492524030472683,0.7260161919064055,60.6
neutral,0.8703847407988758,0.8903633756379348,0.8801336016357636,277.2
positive,0.8515428607340372,0.6493035919415522,0.7360541889303593,114.0
accuracy,0.8242525644822443,0.8242525644822443,0.8242525644822443,0.8242525644822443
macro avg,0.7856779314106876,0.7963064568755851,0.7807346608241762,451.8
weighted avg,0.8343476207117551,0.8242525644822443,0.8232848244933761,451.8
