,precision,recall,f1-score,support
negative,0.41836382449024423,0.40037599497276916,0.40865001381106963,60.6
neutral,0.6852346744334195,0.9004961974763303,0.7781880965643014,277.2
positive,0.63710740240152,0.16319597069597064,0.25962518860611833,114.0
micro avg,0.647628977158211,0.647628977158211,0.647628977158211,451.8
macro avg,0.5802353004417279,0.4880227210483567,0.4821544329938298,451.8
weighted avg,0.6376720060939454,0.647628977158211,0.5982049929823646,451.8
accuracy,0.647628977158211,0.647628977158211,0.647628977158211,0.647628977158211
