,precision,recall,f1-score,support
negative,0.2282026719164633,0.14745417593373727,0.17818115374970547,60.6
neutral,0.704070327442736,0.48567689898739685,0.5748239753732732,277.2
positive,0.3158065072958018,0.6121121824140869,0.41628642417641404,114.0
accuracy,0.472343572289969,0.472343572289969,0.472343572289969,0.472343572289969
macro avg,0.4160265022183337,0.415081085778407,0.3897638510997975,451.8
weighted avg,0.5430886879845074,0.472343572289969,0.48212131007481646,451.8
