,precision,recall,f1-score,support
negative,0.3710960516725771,0.33172666295983844,0.34970650644922874,60.6
neutral,0.638486238326806,0.46293282223293497,0.5366156870514279,277.2
positive,0.3026245908857026,0.5208372435824035,0.3827256632482857,114.0
accuracy,0.46035749478293103,0.46035749478293103,0.46035749478293103,0.46035749478293103
macro avg,0.43740229362836186,0.43849890959172566,0.4230159522496475,451.8
weighted avg,0.518550151881376,0.46035749478293103,0.47328652141407435,451.8
