,precision,recall,f1-score,support
0,0.7565458197542155,0.37665583378070916,0.5007875991468022,60.6
1,0.873911851175474,0.9653147979256069,0.917283415987653,277.2
2,0.6885836153463902,0.6959188477468883,0.6918372029935853,114.0
accuracy,0.8184905627114057,0.8184905627114057,0.8184905627114057,0.8184905627114057
macro avg,0.7730137620920264,0.6792964931510681,0.7033027393760135,451.8
weighted avg,0.8124667884614564,0.8184905627114057,0.8050202946944953,451.8
