,precision,recall,f1-score,support
0,0.9029385964912281,0.4209956348902012,0.5249909998363607,60.6
1,0.9372009568026842,0.9704623989232072,0.9532181571731492,277.2
2,0.7025497517099456,0.8242777533960248,0.7562468067007151,114.0
accuracy,0.8596480028643902,0.8596480028643902,0.8596480028643902,0.8596480028643902
macro avg,0.8475631016679527,0.7385785957364778,0.744818654570075,451.8
weighted avg,0.8732877830944746,0.8596480028643902,0.8462122367467495,451.8
