,precision,recall,f1-score,support
negative,0.368940668399933,0.47683991411814,0.4143174220554222,60.6
neutral,0.6685965740755884,0.5850451986472558,0.6237573367081588,277.2
positive,0.3438564148681055,0.3930769230769231,0.36679811459008543,114.0
micro avg,0.5227911765965864,0.5227911765965864,0.5227911765965864,451.8
macro avg,0.4604645524478756,0.48498734528077286,0.4682909577845555,451.8
weighted avg,0.5475921731766344,0.5227911765965864,0.5317407484701748,451.8
accuracy,0.5227911765965864,0.5227911765965864,0.5227911765965864,0.5227911765965864
