,precision,recall,f1-score,support
negative,0.17815562053052642,0.946583838228903,0.2997315335668951,60.6
neutral,0.7958823529411765,0.03316850944967386,0.06333431465349754,277.2
positive,0.17974068744776234,0.18642796862781533,0.18273294606341978,114.0
accuracy,0.19477403183775407,0.19477403183775407,0.19477403183775407,0.19477403183775407
macro avg,0.3845928869731551,0.38872677210213075,0.18193293142793746,451.8
weighted avg,0.5581336200284347,0.19477403183775407,0.12573558490013634,451.8
