,precision,recall,f1-score,support
negative,0.3320530975709328,0.36524388373341515,0.3470668236873743,60.6
neutral,0.7434936043849509,0.7649529680026996,0.7538516100448096,277.2
positive,0.4465140588951826,0.39220683794746114,0.4172047675939029,114.0
accuracy,0.6170890654818224,0.6170890654818224,0.6170890654818224,0.6170890654818224
macro avg,0.5073535869503555,0.507467896561192,0.5060410671086957,451.8
weighted avg,0.6136504733369941,0.6170890654818224,0.6143990580336747,451.8
