,precision,recall,f1-score,support
negative,0.3320530975709328,0.3652438837334152,0.34706682368737435,60.6
neutral,0.7434936043849509,0.7649529680026996,0.7538516100448095,277.2
positive,0.4465140588951827,0.3922068379474612,0.417204767593903,114.0
accuracy,0.6170890654818223,0.6170890654818223,0.6170890654818223,0.6170890654818223
macro avg,0.5073535869503555,0.507467896561192,0.5060410671086956,451.8
weighted avg,0.6136504733369941,0.6170890654818223,0.6143990580336747,451.8
