,precision,recall,f1-score,support
negative,0.6264343527957986,0.8340460480379835,0.7145131762610337,60.6
neutral,0.8544045985547072,0.8918010343110812,0.8724575790802123,277.2
positive,0.8527757513063617,0.6100641025641026,0.7106283760948812,114.0
micro avg,0.812750075921851,0.812750075921851,0.8127500759218511,451.8
macro avg,0.7778715675522891,0.7786370616377225,0.7658663771453758,451.8
weighted avg,0.823832741360681,0.812750075921851,0.8105386447653181,451.8
accuracy,0.812750075921851,0.812750075921851,0.812750075921851,0.812750075921851
