,precision,recall,f1-score,support
negative,0.6948488569064909,0.3900060616814517,0.4995268558175495,79.4
neutral,0.03983038590236733,0.6889682539682539,0.07482948424124895,6.4
positive,0.7695215419501135,0.34097757610460083,0.4712644930606131,106.2
accuracy,0.3708333333333333,0.3708333333333333,0.3708333333333333,0.3708333333333333
macro avg,0.5014002615863239,0.4733172972514355,0.3485402777064705,192.0
weighted avg,0.7154249458218908,0.3708333333333333,0.4700977797044411,192.0
