,precision,recall,f1-score,support
0,0.7769296422621629,0.8744365856921276,0.8187694416798392,79.4
1,0.0,0.0,0.0,6.4
2,0.8655193002610506,0.8207989975119734,0.8382306805195909,106.2
accuracy,0.8166666666666667,0.8166666666666667,0.8166666666666667,0.8166666666666667
macro avg,0.5474829808410712,0.5650785277347002,0.5523333740664766,192.0
weighted avg,0.8003419333568216,0.8166666666666667,0.8028863325364342,192.0
