,precision,recall,f1-score,support
negative,0.7442613166411742,0.451028020885874,0.560767649066578,79.4
neutral,0.05029565722053986,0.592936507936508,0.09199342218017939,6.4
positive,0.7120220506042793,0.4318677207358972,0.5362099238117338,106.2
accuracy,0.446875,0.446875,0.446875,0.446875
macro avg,0.5021930081553311,0.491944083186093,0.3963236650194971,192.0
weighted avg,0.7055342153686379,0.446875,0.5331003860008926,192.0
