,precision,recall,f1-score,support
negative,0.6882478632478632,0.13920999420025543,0.23084515431526756,79.4
neutral,0.03623214579223942,0.7925396825396825,0.06889673439747493,6.4
positive,0.6392190077612073,0.26298042326709475,0.3710195378392419,106.2
accuracy,0.2291666666666666,0.2291666666666666,0.2291666666666666,0.2291666666666666
macro avg,0.4545663389337699,0.3982433666690109,0.22358714218399478,192.0
weighted avg,0.6427965342314554,0.2291666666666666,0.30463498152575247,192.0
