,precision,recall,f1-score,support
negative,0.5492788500363401,0.39338269065162973,0.457576416742712,79.4
neutral,0.03744371648751428,0.5873809523809524,0.06991393743614521,6.4
positive,0.6454161108721498,0.30426271333392774,0.41183717013202353,106.2
accuracy,0.35,0.35,0.35,0.35
macro avg,0.4107128924653347,0.4283421187888366,0.31310917477029354,192.0
weighted avg,0.5879088659453526,0.35,0.4218487241880381,192.0
