,precision,recall,f1-score,support
negative,0.7958593322386426,0.48663470808242637,0.5998980780611187,79.4
neutral,0.04715245097380338,0.8492063492063492,0.08885638044432172,6.4
positive,0.8526298025841637,0.27116678848894127,0.4107286872742145,106.2
accuracy,0.37916666666666665,0.37916666666666665,0.37916666666666665,0.37916666666666665
macro avg,0.5652138619322032,0.5356692819259056,0.36649438192655165,192.0
weighted avg,0.8019259632965351,0.37916666666666665,0.4789308383874671,192.0
