,precision,recall,f1-score,support
negative,0.5492788500363401,0.39338269065162973,0.45757641674271204,79.4
neutral,0.03744371648751431,0.5873809523809524,0.06991393743614524,6.4
positive,0.6454161108721497,0.3042627133339278,0.41183717013202353,106.2
accuracy,0.35,0.35,0.35,0.35
macro avg,0.4107128924653346,0.42834211878883666,0.3131091747702936,192.0
weighted avg,0.5879088659453526,0.35,0.4218487241880381,192.0
