,precision,recall,f1-score,support
negative,0.7432686273574483,0.47590515713180215,0.5776888566681444,79.4
neutral,0.043981124139018876,0.8492063492063492,0.08320692246996787,6.4
positive,0.8604554865424431,0.19810674823427676,0.32106202377397863,106.2
accuracy,0.334375,0.334375,0.334375,0.334375
macro avg,0.5492350793463034,0.5077394181908094,0.32731926763736363,192.0
weighted avg,0.7857869668970081,0.334375,0.4201375921993808,192.0
