,precision,recall,f1-score,support
negative,0.6948488569064909,0.3900060616814517,0.4995268558175495,79.4
neutral,0.0398303859023673,0.6889682539682539,0.07482948424124891,6.4
positive,0.7695215419501134,0.34097757610460083,0.4712644930606131,106.2
accuracy,0.3708333333333333,0.3708333333333333,0.3708333333333333,0.3708333333333333
macro avg,0.5014002615863239,0.4733172972514355,0.34854027770647045,192.0
weighted avg,0.7154249458218909,0.3708333333333333,0.470097779704441,192.0
