,precision,recall,f1-score,support
negative,0.6557265800764426,0.26578742447863846,0.377971165026039,79.4
neutral,0.037009992817542955,0.6009523809523809,0.0692475789700877,6.4
positive,0.6659443503124007,0.4270701772940607,0.5199511725217014,106.2
accuracy,0.36458333333333337,0.36458333333333337,0.36458333333333337,0.36458333333333337
macro avg,0.45289364106879537,0.43126999424169343,0.3223899721726094,192.0
weighted avg,0.6413837953603225,0.36458333333333337,0.4470153866150303,192.0
