,precision,recall,f1-score,support
negative,0.6557265800764425,0.26578742447863846,0.3779711650260389,79.4
neutral,0.03700999281754293,0.600952380952381,0.06924757897008767,6.4
positive,0.6659443503124007,0.4270701772940607,0.5199511725217014,106.2
accuracy,0.36458333333333337,0.36458333333333337,0.36458333333333337,0.36458333333333337
macro avg,0.45289364106879537,0.43126999424169343,0.3223899721726094,192.0
weighted avg,0.6413837953603225,0.36458333333333337,0.4470153866150303,192.0
