,precision,recall,f1-score,support
negative,0.6706428023073462,0.43426058657354716,0.5261788982643891,79.4
neutral,0.0401374618436725,0.7738888888888888,0.07589002203619688,6.4
positive,0.6696495726495727,0.16027713001382293,0.2584233278049163,106.2
accuracy,0.29270833333333335,0.29270833333333335,0.29270833333333335,0.29270833333333335
macro avg,0.46014327893353035,0.4561422018254196,0.2868307493685007,192.0
weighted avg,0.649570101645528,0.29270833333333335,0.3634796108892121,192.0
