,precision,recall,f1-score,support
negative,0.7965323370333129,0.4582835465217435,0.577913506866161,79.4
neutral,0.03950218129187695,0.8492063492063492,0.0751448394150652,6.4
positive,0.8380451127819549,0.12651965123908845,0.2188888888888889,106.2
accuracy,0.2875,0.2875,0.2875,0.2875
macro avg,0.5580265437023816,0.4780031823223937,0.2906490783900384,192.0
weighted avg,0.7928919791055803,0.2875,0.36317590733229826,192.0
