,precision,recall,f1-score,support
0,0.7714285714285715,0.6506024096385542,0.7058823529411765,83.0
1,0.0,0.0,0.0,3.0
2,0.7459016393442623,0.8584905660377359,0.7982456140350876,106.0
accuracy,0.7552083333333334,0.7552083333333334,0.7552083333333334,0.7552083333333334
macro avg,0.5057767369242779,0.5030309918920967,0.501375988992088,192.0
weighted avg,0.745282006245121,0.7552083333333334,0.7458451582387341,192.0
