,precision,recall,f1-score,support
negative,0.7176421180818569,0.4659064288899879,0.5640811289581781,79.4
neutral,0.05572985224794812,0.6215079365079366,0.10094916127370486,6.4
positive,0.6968557422969188,0.4619998006059925,0.5547200050607688,106.2
accuracy,0.46875,0.46875,0.46875,0.46875
macro avg,0.49007590420890795,0.5164713886679723,0.4065834317642173,192.0
weighted avg,0.6854986485160361,0.46875,0.5446688955226519,192.0
