,precision,recall,f1-score,support
0,0.6564425770308123,0.36761068412596515,0.4259788337909513,79.4
1,0.0,0.0,0.0,6.4
2,0.6585689738964259,0.91263139711889,0.7519440810492501,106.2
accuracy,0.6614583333333333,0.6614583333333333,0.6614583333333333,0.6614583333333333
macro avg,0.43833718364241275,0.4267473604149517,0.39264097161340045,192.0
weighted avg,0.642692222237162,0.6614583333333333,0.5970047306753022,192.0
