,precision,recall,f1-score,support
negative,0.4826994310543499,0.7660476669426431,0.5912106793696638,79.4
neutral,0.0,0.0,0.0,6.4
positive,0.6993268739524419,0.3807907565149926,0.4922990522356831,106.2
accuracy,0.5270833333333333,0.5270833333333333,0.5270833333333333,0.5270833333333333
macro avg,0.3940087683355973,0.3822794744858785,0.3611699105351156,192.0
weighted avg,0.5879829911647759,0.5270833333333333,0.5174577981002628,192.0
