,precision,recall,f1-score,support
0,0.6564425770308123,0.3676106841259651,0.42597883379095125,79.4
1,0.0,0.0,0.0,6.4
2,0.6585689738964259,0.91263139711889,0.7519440810492501,106.2
accuracy,0.6614583333333333,0.6614583333333333,0.6614583333333333,0.6614583333333333
macro avg,0.4383371836424127,0.4267473604149517,0.3926409716134004,192.0
weighted avg,0.642692222237162,0.6614583333333333,0.597004730675302,192.0
