,precision,recall,f1-score,support
negative,0.6882478632478632,0.13920999420025548,0.23084515431526756,79.4
neutral,0.036232145792239455,0.7925396825396825,0.06889673439747497,6.4
positive,0.6392190077612072,0.2629804232670948,0.37101953783924185,106.2
accuracy,0.22916666666666666,0.22916666666666666,0.22916666666666666,0.22916666666666666
macro avg,0.45456633893377,0.39824336666901095,0.22358714218399478,192.0
weighted avg,0.6427965342314554,0.22916666666666666,0.3046349815257525,192.0
