,precision,recall,f1-score,support
negative,0.6706428023073462,0.43426058657354716,0.5261788982643891,79.4
neutral,0.04013746184367252,0.7738888888888888,0.07589002203619692,6.4
positive,0.6696495726495727,0.16027713001382296,0.2584233278049163,106.2
accuracy,0.29270833333333335,0.29270833333333335,0.29270833333333335,0.29270833333333335
macro avg,0.46014327893353035,0.45614220182541965,0.2868307493685008,192.0
weighted avg,0.649570101645528,0.29270833333333335,0.36347961088921216,192.0
