,precision,recall,f1-score,support
negative,0.8014111365369947,0.5438898791839969,0.6437042152893546,28.6
neutral,0.03353019212750364,0.75,0.06392059553349876,2.4
positive,0.8699999999999999,0.12888034188034186,0.223219103477168,56.2
accuracy,0.28902821316614424,0.28902821316614424,0.28902821316614424,0.28902821316614424
macro avg,0.5683137762214995,0.47425674035477955,0.3102813047666738,87.2
weighted avg,0.8333896030898991,0.28902821316614424,0.36347510191396165,87.2
