,precision,recall,f1-score,support
negative,0.4948056130664827,0.3929490988314518,0.43439510168993445,28.6
neutral,0.04160838941326746,0.7333333333333333,0.07782066974233436,2.4
positive,0.7391955519935884,0.3346446886446886,0.45721586481276394,56.2
accuracy,0.3623563218390805,0.3623563218390805,0.3623563218390805,0.3623563218390805
macro avg,0.4252031848244462,0.48697570693649117,0.3231438787483443,87.2
weighted avg,0.6498344757961281,0.3623563218390805,0.4418048737716398,87.2
