,precision,recall,f1-score,support
negative,0.8014111365369946,0.5438898791839969,0.6437042152893546,28.6
neutral,0.0335301921275036,0.75,0.06392059553349874,2.4
positive,0.8699999999999999,0.12888034188034184,0.22321910347716795,56.2
accuracy,0.2890282131661442,0.2890282131661442,0.2890282131661442,0.2890282131661442
macro avg,0.5683137762214995,0.47425674035477955,0.31028130476667376,87.2
weighted avg,0.8333896030898991,0.2890282131661442,0.3634751019139616,87.2
