,precision,recall,f1-score,support
negative,0.6551520318272237,0.44038423450188163,0.5223261183261183,28.6
neutral,0.03081239221483124,0.4833333333333333,0.05774156749889814,2.4
positive,0.8478807508281193,0.35509768009768006,0.49961874825462865,56.2
accuracy,0.3899686520376176,0.3899686520376176,0.3899686520376176,0.3899686520376176
macro avg,0.5112817249567247,0.426271749310965,0.3598954780265483,87.2
weighted avg,0.7691020783456259,0.3899686520376176,0.4979547066902176,87.2
