,precision,recall,f1-score,support
negative,0.6709956709956709,0.1551594375123787,0.2449969751966122,28.6
neutral,0.035988139306489385,0.9,0.06875054002973915,2.4
positive,0.7840510366826157,0.27797313797313794,0.4089215755924284,56.2
accuracy,0.25462382445141063,0.25462382445141063,0.25462382445141063,0.25462382445141063
macro avg,0.4970116156615919,0.44437752516183887,0.24088969693959328,87.2
weighted avg,0.7328835983965416,0.25462382445141063,0.34593067605466477,87.2
