,precision,recall,f1-score,support
negative,0.6551520318272236,0.4403842345018815,0.5223261183261183,28.6
neutral,0.03081239221483122,0.4833333333333333,0.057741567498898104,2.4
positive,0.8478807508281193,0.35509768009768006,0.4996187482546285,56.2
accuracy,0.3899686520376175,0.3899686520376175,0.3899686520376175,0.3899686520376175
macro avg,0.5112817249567247,0.426271749310965,0.3598954780265483,87.2
weighted avg,0.7691020783456259,0.3899686520376175,0.4979547066902176,87.2
