,precision,recall,f1-score,support
0,0.3011261940673705,0.4302832244008714,0.3401862940728021,28.6
1,0.0,0.0,0.0,2.4
2,0.6677736819091598,0.6408107448107448,0.6296214962822797,56.2
accuracy,0.5501567398119123,0.5501567398119123,0.5501567398119123,0.5501567398119123
macro avg,0.3229666253255101,0.35703132307053875,0.32326926345169393,87.2
weighted avg,0.5356003842435143,0.5501567398119123,0.5185930291526233,87.2
