,precision,recall,f1-score,support
0,0.807561059511524,0.4927708457120222,0.6060123068179334,28.6
1,0.0,0.0,0.0,2.4
2,0.7603174603174603,0.9475934065934066,0.8418986050734778,56.2
accuracy,0.768312434691745,0.768312434691745,0.768312434691745,0.768312434691745
macro avg,0.522626173276328,0.4801214174351429,0.48263697063047034,87.2
weighted avg,0.761000912473369,0.768312434691745,0.7413037601552555,87.2
