,precision,recall,f1-score,support
negative,0.6772635259477365,0.5015052485640721,0.56822352724064,28.6
neutral,0.04219298245614035,0.5333333333333333,0.07793417366946778,2.4
positive,0.7511329888749244,0.44859829059829065,0.5601786897857214,56.2
accuracy,0.4678683385579937,0.4678683385579937,0.4678683385579937,0.4678683385579937
macro avg,0.4901964990929337,0.4944789574985654,0.4021121302319431,87.2
weighted avg,0.7152820414033164,0.4678683385579937,0.5513121813707718,87.2
