,precision,recall,f1-score,support
negative,0.6898891270408298,0.4368785898197663,0.528100116679473,28.6
neutral,0.04094694734080924,0.6166666666666667,0.07654522815498424,2.4
positive,0.7766074817023585,0.44287301587301586,0.56144146771599,56.2
accuracy,0.4471264367816092,0.4471264367816092,0.4471264367816092,0.4471264367816092
macro avg,0.5024811853613326,0.49880609078648297,0.3886956041834824,87.2
weighted avg,0.7377068612819659,0.4471264367816092,0.5403424247285258,87.2
