,precision,recall,f1-score,support
negative,0.3789910778876296,0.7179243414537533,0.4922244444253698,28.6
neutral,0.0,0.0,0.0,2.4
positive,0.7442979490646835,0.3914249084249084,0.5110444813820341,56.2
accuracy,0.4862852664576803,0.4862852664576803,0.4862852664576803,0.4862852664576803
macro avg,0.3744296756507709,0.36978308329288717,0.3344229752691346,87.2
weighted avg,0.6080627749998249,0.4862852664576803,0.4924418974408485,87.2
