,precision,recall,f1-score,support
negative,0.5945441032397554,0.5109526638938403,0.543988162496637,28.6
neutral,0.02581978389674272,0.4833333333333333,0.04889109765770107,2.4
positive,0.7666666666666666,0.1401721611721612,0.23501451319113928,56.2
accuracy,0.27304075235109715,0.27304075235109715,0.27304075235109715,0.27304075235109715
macro avg,0.46234351793438827,0.37815271946644496,0.27596459111515914,87.2
weighted avg,0.6934630474594088,0.27304075235109715,0.3327031102123502,87.2
