,precision,recall,f1-score,support
negative,0.8150757328102867,0.5842939195880372,0.6767155909224873,28.6
neutral,0.03891971883092858,0.75,0.07368019820850005,2.4
positive,0.9082288299935358,0.2675335775335775,0.4113695653216992,56.2
accuracy,0.389864158829676,0.389864158829676,0.389864158829676,0.389864158829676
macro avg,0.5874080938782503,0.5339424990405381,0.3872551181508956,87.2
weighted avg,0.8593765587474472,0.389864158829676,0.4936930892215322,87.2
