,precision,recall,f1-score,support
0,0.0,0.0,0.0,28.6
1,0.0,0.0,0.0,2.4
2,0.6444096133751306,1.0,0.782431208035157,56.2
accuracy,0.6444096133751306,0.6444096133751306,0.6444096133751306,0.6444096133751306
macro avg,0.2148032044583769,0.3333333333333333,0.2608104026783857,87.2
weighted avg,0.4182229275786729,0.6444096133751306,0.5063880187151042,87.2
