,precision,recall,f1-score,support
negative,0.727089947089947,0.5600514953456129,0.6268873163340704,28.6
neutral,0.03686638581161908,0.75,0.06987292277614858,2.4
positive,0.8799378399378399,0.18991697191697193,0.31045877666819555,56.2
accuracy,0.33247126436781615,0.33247126436781615,0.33247126436781615,0.33247126436781615
macro avg,0.547964724279802,0.4999894890875283,0.3357396719261382,87.2
weighted avg,0.812654144080877,0.33247126436781615,0.41296042368943275,87.2
