,precision,recall,f1-score,support
negative,0.4948056130664826,0.39294909883145174,0.43439510168993445,28.6
neutral,0.04160838941326742,0.7333333333333333,0.07782066974233429,2.4
positive,0.7391955519935884,0.3346446886446886,0.45721586481276394,56.2
accuracy,0.36235632183908045,0.36235632183908045,0.36235632183908045,0.36235632183908045
macro avg,0.4252031848244461,0.4869757069364913,0.32314387874834427,87.2
weighted avg,0.6498344757961281,0.36235632183908045,0.4418048737716398,87.2
