,precision,recall,f1-score,support
negative,0.5460822510822511,0.27347989700930875,0.35472479901051335,28.6
neutral,0.038638800862283565,0.5833333333333333,0.07217075409059574,2.4
positive,0.7097883597883599,0.41252014652014646,0.5194332379264913,56.2
accuracy,0.3715778474399164,0.3715778474399164,0.3715778474399164,0.3715778474399164
macro avg,0.4315031372442982,0.42311112562092956,0.3154429303425335,87.2
weighted avg,0.6421439006299255,0.3715778474399164,0.45257724797234794,87.2
