,precision,recall,f1-score,support
negative,0.5161290322580645,0.6504065040650406,0.5755395683453237,123.0
neutral,0.7519623233908949,0.8330434782608696,0.7904290429042905,575.0
positive,0.7314285714285714,0.4758364312267658,0.5765765765765765,269.0
micro avg,0.7104446742502585,0.7104446742502585,0.7104446742502585,967.0
macro avg,0.6665066423591769,0.6530954711842253,0.6475150626087302,967.0
weighted avg,0.7162528362272929,0.7104446742502585,0.7036061692611592,967.0
accuracy,0.7104446742502585,0.7104446742502585,0.7104446742502585,0.7104446742502585
