,precision,recall,f1-score,support
negative,0.4946236559139785,0.37398373983739835,0.4259259259259259,123.0
neutral,0.7371007371007371,0.5217391304347826,0.6109979633401221,575.0
positive,0.4004282655246253,0.6951672862453532,0.5081521739130435,269.0
micro avg,0.5511892450879007,0.5511892450879007,0.5511892450879007,967.0
macro avg,0.5440508861797803,0.530296718839178,0.5150253543930304,967.0
weighted avg,0.6126027269249921,0.5511892450879007,0.5588476241903493,967.0
accuracy,0.5511892450879007,0.5511892450879007,0.5511892450879007,0.5511892450879007
