,precision,recall,f1-score,support
negative,0.37209302325581395,0.2857142857142857,0.3232323232323232,56.0
neutral,0.7806122448979592,0.575187969924812,0.6623376623376623,266.0
positive,0.43661971830985913,0.7153846153846154,0.5422740524781341,130.0
micro avg,0.5796460176991151,0.5796460176991151,0.5796460176991151,452.0
macro avg,0.5297749954878773,0.5254289570079044,0.5092813460160399,452.0
weighted avg,0.6310633403218239,0.5796460176991151,0.5857930422676675,452.0
accuracy,0.5796460176991151,0.5796460176991151,0.5796460176991151,0.5796460176991151
