,precision,recall,f1-score,support
negative,0.6266666666666667,0.8392857142857143,0.7175572519083969,56.0
neutral,0.8269896193771626,0.8984962406015038,0.8612612612612612,266.0
positive,0.8295454545454546,0.5615384615384615,0.6697247706422019,130.0
micro avg,0.7942477876106194,0.7942477876106194,0.7942477876106194,452.0
macro avg,0.7610672468630947,0.7664401388085599,0.7495144279372866,452.0
weighted avg,0.8029059318109905,0.7942477876106194,0.7883692959863983,452.0
accuracy,0.7942477876106194,0.7942477876106194,0.7942477876106194,0.7942477876106194
