,precision,recall,f1-score,support
negative,0.2602739726027397,0.3392857142857143,0.2945736434108527,56.0
neutral,0.6042553191489362,0.5338345864661654,0.5668662674650699,266.0
positive,0.3541666666666667,0.3923076923076923,0.3722627737226277,130.0
micro avg,0.4690265486725664,0.4690265486725664,0.4690265486725664,452.0
macro avg,0.4062319861394475,0.42180933101985735,0.41123422819951677,452.0
weighted avg,0.4897100089071618,0.4690265486725664,0.4771608667271194,452.0
accuracy,0.4690265486725664,0.4690265486725664,0.4690265486725664,0.4690265486725664
