,precision,recall,f1-score,support
negative,0.4519230769230769,0.40869565217391307,0.4292237442922375,115.0
neutral,0.6590563165905632,0.8642714570858283,0.7478411053540587,501.0
positive,0.5975609756097561,0.21585903083700442,0.31715210355987056,227.0
micro avg,0.627520759193357,0.627520759193357,0.627520759193357,843.0
macro avg,0.5695134563744654,0.4962753800322486,0.4980723177353889,843.0
weighted avg,0.6142404625402618,0.627520759193357,0.5884017222824215,843.0
accuracy,0.627520759193357,0.627520759193357,0.627520759193357,0.627520759193357
