,precision,recall,f1-score,support
negative,0.38961038961038963,0.2857142857142857,0.32967032967032966,105.0
neutral,0.7967032967032966,0.5513307984790875,0.651685393258427,526.0
positive,0.4014962593516209,0.7630331753554502,0.5261437908496732,211.0
micro avg,0.5712589073634204,0.5712589073634204,0.5712589073634204,842.0
macro avg,0.5292699818884358,0.5333594198496078,0.5024998379261433,842.0
weighted avg,0.6469011112805427,0.5712589073634204,0.5800691702358649,842.0
accuracy,0.5712589073634204,0.5712589073634204,0.5712589073634204,0.5712589073634204
