,precision,recall,f1-score,support
negative,0.3391812865497076,0.453125,0.38795986622073575,128.0
neutral,0.6701902748414377,0.5600706713780919,0.6102021174205967,566.0
positive,0.4086687306501548,0.4835164835164835,0.4429530201342282,273.0
micro avg,0.5243019648397105,0.5243019648397105,0.5243019648397105,967.0
macro avg,0.4726800973471001,0.4989040516315251,0.4803716679251869,967.0
weighted avg,0.5525433957663998,0.5243019648397105,0.5335671518438018,967.0
accuracy,0.5243019648397105,0.5243019648397105,0.5243019648397105,0.5243019648397105
