,precision,recall,f1-score,support
negative,0.5192307692307693,0.6328125,0.5704225352112677,128.0
neutral,0.7413509060955519,0.7950530035335689,0.7672634271099744,566.0
positive,0.6911764705882353,0.5164835164835165,0.5911949685534591,273.0
micro avg,0.6949327817993796,0.6949327817993796,0.6949327817993796,967.0
macro avg,0.6505860486381855,0.6481163400056951,0.6429603102915671,967.0
weighted avg,0.6977842066000094,0.6949327817993796,0.6915009417439318,967.0
accuracy,0.6949327817993796,0.6949327817993796,0.6949327817993796,0.6949327817993796
