,precision,recall,f1-score,support
negative,0.4,0.4,0.4000000000000001,115.0
neutral,0.6503957783641161,0.8633975481611208,0.7419112114371709,571.0
positive,0.6195652173913043,0.20430107526881722,0.30727762803234504,279.0
micro avg,0.6176165803108808,0.6176165803108808,0.6176165803108808,965.0
macro avg,0.5566536652518068,0.48923287447664604,0.48306294648983866,965.0
weighted avg,0.6116421607234034,0.6176165803108808,0.5755044144576671,965.0
accuracy,0.6176165803108808,0.6176165803108808,0.6176165803108808,0.6176165803108808
