,precision,recall,f1-score,support
negative,0.375,0.3391304347826087,0.35616438356164376,115.0
neutral,0.7182741116751269,0.4956217162872154,0.5865284974093264,571.0
positive,0.4025695931477516,0.6738351254480287,0.5040214477211795,279.0
micro avg,0.5284974093264249,0.5284974093264249,0.5284974093264249,965.0
macro avg,0.49861456827429285,0.502862425505951,0.48223810956404994,965.0
weighted avg,0.5860895691758758,0.5284974093264249,0.5352214093725632,965.0
accuracy,0.5284974093264249,0.5284974093264249,0.5284974093264249,0.5284974093264249
