,precision,recall,f1-score,support
negative,0.5510204081632653,0.6639344262295082,0.6022304832713754,122.0
neutral,0.7664,0.828719723183391,0.7963424771404822,578.0
positive,0.694300518134715,0.5056603773584906,0.5851528384279475,265.0
accuracy,0.7191709844559585,0.7191709844559585,0.7191709844559585,0.7191709844559585
macro avg,0.6705736420993267,0.66610484225713,0.6612419329466017,965.0
weighted avg,0.7193713234213656,0.7191709844559585,0.7138068113261271,965.0
