,precision,recall,f1-score,support
negative,0.16972477064220184,0.9098360655737705,0.28608247422680416,122.0
neutral,0.7619047619047619,0.02768166089965398,0.05342237061769616,578.0
positive,0.27586206896551724,0.3018867924528302,0.28828828828828823,265.0
accuracy,0.21450777202072538,0.21450777202072538,0.21450777202072538,0.21450777202072538
macro avg,0.40249720050416027,0.41313483964208486,0.20926437771092954,965.0
weighted avg,0.5535656193525006,0.21450777202072538,0.14733325229958016,965.0
