,precision,recall,f1-score,support
negative,0.2808988764044944,0.20491803278688525,0.23696682464454977,122.0
neutral,0.6440217391304348,0.4100346020761246,0.5010570824524314,578.0
positive,0.33661417322834647,0.6452830188679245,0.4424320827943079,265.0
accuracy,0.44870466321243524,0.44870466321243524,0.44870466321243524,0.44870466321243524
macro avg,0.42051159625442525,0.42007855124364485,0.39348532996376306,965.0
weighted avg,0.5136963565225403,0.44870466321243524,0.4515704126472871,965.0
