,precision,recall,f1-score,support
0,0.8782608695652174,0.8278688524590164,0.8523206751054851,122.0
1,0.862776025236593,0.9463667820069204,0.9026402640264026,578.0
2,0.8935185185185185,0.7283018867924528,0.8024948024948024,265.0
accuracy,0.8715025906735752,0.8715025906735752,0.8715025906735752,0.8715025906735752
macro avg,0.878185137773443,0.8341791737527965,0.8524852472088967,965.0
weighted avg,0.8731759337628131,0.8715025906735752,0.8687775312240957,965.0
