,precision,recall,f1-score,support
0,0.8877551020408163,0.7131147540983607,0.7909090909090909,122.0
1,0.8739635157545605,0.9117647058823529,0.8924640135478408,578.0
2,0.7916666666666666,0.7886792452830189,0.7901701323251419,265.0
accuracy,0.8528497409326425,0.8528497409326425,0.8528497409326425,0.8528497409326425
macro avg,0.8511284281540145,0.8045195684212442,0.8245144122606911,965.0
weighted avg,0.8531074624059919,0.8528497409326425,0.8515338797800245,965.0
