,precision,recall,f1-score,support
0,0.7647058823529411,0.4262295081967213,0.5473684210526315,122.0
1,0.7833827893175074,0.9134948096885813,0.8434504792332268,578.0
2,0.6502242152466368,0.5471698113207547,0.5942622950819673,265.0
accuracy,0.7512953367875648,0.7512953367875648,0.7512953367875648,0.7512953367875648
macro avg,0.732770962305695,0.6289647097353525,0.6616937317892752,965.0
weighted avg,0.7444547014641834,0.7512953367875648,0.7375884275253342,965.0
