,precision,recall,f1-score,support
negative,0.390625,0.4098360655737705,0.4,122.0
neutral,0.6904761904761905,0.7525951557093425,0.7201986754966888,578.0
positive,0.43478260869565216,0.33962264150943394,0.3813559322033898,265.0
accuracy,0.5958549222797928,0.5958549222797928,0.5958549222797928,0.5958549222797928
macro avg,0.5052945997239475,0.500684620930849,0.5005182025666929,965.0
weighted avg,0.5823511703622652,0.5958549222797928,0.5866675196590512,965.0
