,precision,recall,f1-score,support
negative,0.5048543689320388,0.4262295081967213,0.4622222222222222,122.0
neutral,0.7539863325740319,0.5726643598615917,0.6509341199606686,578.0
positive,0.4397163120567376,0.7018867924528301,0.5406976744186046,265.0
accuracy,0.5896373056994819,0.5896373056994819,0.5896373056994819,0.5896373056994819
macro avg,0.5661856711876028,0.5669268868370477,0.5512846722004986,965.0
weighted avg,0.6361877263549582,0.5896373056994819,0.5968040582065366,965.0
