,precision,recall,f1-score,support
negative,0.38181818181818183,0.3442622950819672,0.3620689655172414,122.0
neutral,0.6226912928759895,0.4083044982698962,0.49320794148380354,578.0
positive,0.3277310924369748,0.5886792452830188,0.42105263157894735,265.0
accuracy,0.44974093264248705,0.44974093264248705,0.44974093264248705,0.44974093264248705
macro avg,0.4440801890437153,0.44708201287829413,0.42544317952666405,965.0
weighted avg,0.5112395077305061,0.44974093264248705,0.4568140428385108,965.0
