,precision,recall,f1-score,support
negative,0.4264705882352941,0.3333333333333333,0.3741935483870968,87.0
neutral,0.8028673835125448,0.5233644859813084,0.6336633663366336,428.0
positive,0.36257309941520466,0.7126436781609196,0.48062015503875966,174.0
micro avg,0.5471698113207547,0.5471698113207547,0.5471698113207547,689.0
macro avg,0.5306370237210145,0.5231138324918537,0.49615902325416333,689.0
weighted avg,0.6441478963978017,0.5471698113207547,0.5622506044680707,689.0
accuracy,0.5471698113207547,0.5471698113207547,0.5471698113207547,0.5471698113207547
