,precision,recall,f1-score,support
negative,0.4083333333333333,0.4298245614035088,0.4188034188034188,114.0
neutral,0.6204188481675392,0.41289198606271776,0.49581589958158984,574.0
positive,0.3283261802575107,0.5464285714285714,0.41018766756032166,280.0
accuracy,0.4535123966942149,0.4535123966942149,0.4535123966942149,0.4535123966942149
macro avg,0.4523594539194611,0.4630483729649327,0.44160232864844345,968.0
weighted avg,0.5109522203721802,0.4535123966942149,0.4619777510540417,968.0
