,precision,recall,f1-score,support
negative,0.5244755244755245,0.6578947368421053,0.5836575875486381,114.0
neutral,0.7519623233908949,0.8344947735191638,0.791081750619323,574.0
positive,0.6861702127659575,0.4607142857142857,0.5512820512820513,280.0
accuracy,0.7055785123966942,0.7055785123966942,0.7055785123966942,0.7055785123966942
macro avg,0.654202686877459,0.6510345986918515,0.6420071298166709,968.0
weighted avg,0.7061407468915821,0.7055785123966942,0.6972901489617878,968.0
