,precision,recall,f1-score,support
negative,0.41509433962264153,0.38596491228070173,0.4,114.0
neutral,0.7799145299145299,0.6358885017421603,0.7005758157389637,574.0
positive,0.4949238578680203,0.6964285714285714,0.5786350148367952,280.0
accuracy,0.6239669421487604,0.6239669421487604,0.6239669421487604,0.6239669421487604
macro avg,0.563310909135064,0.5727606618171445,0.5597369435252529,968.0
weighted avg,0.6545148503005858,0.6239669421487604,0.6299052917236238,968.0
