,precision,recall,f1-score,support
0,0.6625,0.4649122807017544,0.5463917525773195,114.0
1,0.7669616519174042,0.9059233449477352,0.830670926517572,574.0
2,0.6952380952380952,0.5214285714285715,0.5959183673469387,280.0
accuracy,0.7427685950413223,0.7427685950413223,0.7427685950413223,0.7427685950413223
macro avg,0.7082332490518332,0.6307547323593536,0.6576603488139434,968.0
weighted avg,0.7339128665984056,0.7427685950413223,0.7292881347851691,968.0
