,precision,recall,f1-score,support
negative,0.25547445255474455,0.3017241379310345,0.2766798418972332,116.0
neutral,0.6193415637860082,0.5216637781629117,0.5663217309501412,577.0
positive,0.34492753623188405,0.43272727272727274,0.38387096774193546,275.0
micro avg,0.4700413223140496,0.4700413223140496,0.4700413223140496,968.0
macro avg,0.4065811841908789,0.4187050629404063,0.4089575135297699,968.0
weighted avg,0.4977791232072782,0.4700413223140496,0.4797799757720483,968.0
accuracy,0.4700413223140496,0.4700413223140496,0.4700413223140496,0.4700413223140496
