,precision,recall,f1-score,support
negative,0.2727272727272727,0.23684210526315788,0.2535211267605634,114.0
neutral,0.643979057591623,0.42857142857142855,0.5146443514644351,574.0
positive,0.351129363449692,0.6107142857142858,0.4458930899608866,280.0
accuracy,0.45867768595041325,0.45867768595041325,0.45867768595041325,0.45867768595041325
macro avg,0.4226118979228626,0.425375939849624,0.40468618939529505,968.0
weighted avg,0.515548667266957,0.45867768595041325,0.4640055076243163,968.0
