,precision,recall,f1-score,support
negative,0.34545454545454546,0.5,0.40860215053763443,114.0
neutral,0.6748366013071896,0.7195121951219512,0.6964586846543002,574.0
positive,0.4293193717277487,0.29285714285714287,0.3481953290870489,280.0
accuracy,0.5702479338842975,0.5702479338842975,0.5702479338842975,0.5702479338842975
macro avg,0.4832035061631612,0.504123112659698,0.48441872142632786,968.0
weighted avg,0.5650283589007383,0.5702479338842975,0.561820890802926,968.0
