,precision,recall,f1-score,support
0,0.8440366972477065,0.8070175438596491,0.8251121076233183,114.0
1,0.8628099173553719,0.9094076655052264,0.8854961832061069,574.0
2,0.8346456692913385,0.7571428571428571,0.7940074906367042,280.0
accuracy,0.8533057851239669,0.8533057851239669,0.8533057851239669,0.8533057851239669
macro avg,0.8471640946314722,0.824522688835911,0.8348719271553765,968.0
weighted avg,0.8524523382745836,0.8533057851239669,0.8519211640574802,968.0
