,precision,recall,f1-score,support
negative,0.15644171779141106,0.8947368421052632,0.26631853785900783,114.0
neutral,0.6666666666666666,0.020905923344947737,0.04054054054054054,574.0
positive,0.2785234899328859,0.29642857142857143,0.28719723183391,280.0
accuracy,0.20351239669421486,0.20351239669421486,0.20351239669421486,0.20351239669421486
macro avg,0.3672106247969878,0.4040237789595941,0.19801877007781946,968.0
weighted avg,0.4943053715662144,0.20351239669421486,0.13847707489637598,968.0
