,precision,recall,f1-score,support
negative,0.5238095238095238,0.6637931034482759,0.5855513307984791,116.0
neutral,0.7612903225806451,0.8180242634315424,0.7886382623224727,577.0
positive,0.6666666666666666,0.48727272727272725,0.5630252100840336,275.0
micro avg,0.7055785123966942,0.7055785123966942,0.7055785123966942,968.0
macro avg,0.6505888376856118,0.6563633647175152,0.6457382677349951,968.0
weighted avg,0.7059501593225933,0.7055785123966942,0.7002067815142557,968.0
accuracy,0.7055785123966942,0.7055785123966942,0.7055785123966942,0.7055785123966942
