,precision,recall,f1-score,support
0,0.8275862068965517,0.8421052631578947,0.8347826086956522,114.0
1,0.8588039867109635,0.9006968641114983,0.879251700680272,574.0
2,0.82,0.7321428571428571,0.7735849056603773,280.0
accuracy,0.8450413223140496,0.8450413223140496,0.8450413223140496,0.8450413223140496
macro avg,0.8354633978691717,0.82498166147075,0.8292064050121005,968.0
weighted avg,0.8439032189651858,0.8450413223140496,0.8434498627755023,968.0
