,precision,recall,f1-score,support
negative,0.3448275862068966,0.7407407407407407,0.4705882352941177,27.0
neutral,0.0,0.0,0.0,1.0
positive,0.75,0.35,0.4772727272727271,60.0
accuracy,0.4659090909090909,0.4659090909090909,0.4659090909090909,0.4659090909090909
macro avg,0.3649425287356322,0.3635802469135802,0.3159536541889483,88.0
weighted avg,0.6171630094043887,0.4659090909090909,0.46979824987846364,88.0
