,precision,recall,f1-score,support
negative,0.6956521739130435,0.5925925925925926,0.6399999999999999,27.0
neutral,0.0,0.0,0.0,1.0
positive,0.9523809523809523,0.3333333333333333,0.4938271604938272,60.0
accuracy,0.4090909090909091,0.4090909090909091,0.4090909090909091,0.4090909090909091
macro avg,0.549344375431332,0.30864197530864196,0.3779423868312757,88.0
weighted avg,0.862789384528515,0.4090909090909091,0.533063973063973,88.0
