,precision,recall,f1-score,support
negative,0.5,0.4074074074074074,0.44897959183673464,27.0
neutral,0.023809523809523808,1.0,0.046511627906976744,1.0
positive,0.875,0.35,0.4999999999999999,60.0
accuracy,0.375,0.375,0.375,0.375
macro avg,0.4662698412698412,0.5858024691358025,0.3318304065812371,88.0
weighted avg,0.7502705627705627,0.375,0.4791927341761228,88.0
