,precision,recall,f1-score,support
0,0.7222222222222222,0.48148148148148145,0.5777777777777777,27.0
1,0.0,0.0,0.0,1.0
2,0.8,0.9333333333333333,0.8615384615384616,60.0
accuracy,0.7840909090909091,0.7840909090909091,0.7840909090909091,0.7840909090909091
macro avg,0.5074074074074074,0.47160493827160493,0.47977207977207975,88.0
weighted avg,0.7670454545454546,0.7840909090909091,0.7646853146853146,88.0
