,precision,recall,f1-score,support
negative,0.6666666666666666,0.5925925925925926,0.627450980392157,27.0
neutral,0.0,0.0,0.0,1.0
positive,0.875,0.4666666666666667,0.608695652173913,60.0
accuracy,0.5,0.5,0.5,0.5
macro avg,0.5138888888888888,0.35308641975308647,0.4120488775220233,88.0
weighted avg,0.8011363636363636,0.5,0.6075331318298071,88.0
