,precision,recall,f1-score,support
negative,0.5454545454545454,0.2222222222222222,0.3157894736842105,27.0
neutral,0.01639344262295082,1.0,0.03225806451612903,1.0
positive,0.875,0.23333333333333334,0.3684210526315789,60.0
accuracy,0.23863636363636365,0.23863636363636365,0.23863636363636365,0.23863636363636365
macro avg,0.4789493293591654,0.4851851851851852,0.23882286361063945,88.0
weighted avg,0.7641325701124508,0.23863636363636365,0.3484526933168699,88.0
