,precision,recall,f1-score,support
negative,0.6666666666666666,0.5185185185185185,0.5833333333333334,27.0
neutral,0.0,0.0,0.0,1.0
positive,1.0,0.16666666666666666,0.2857142857142857,60.0
accuracy,0.2727272727272727,0.2727272727272727,0.2727272727272727,0.2727272727272727
macro avg,0.5555555555555555,0.22839506172839505,0.2896825396825397,88.0
weighted avg,0.8863636363636364,0.2727272727272727,0.3737824675324676,88.0
