,precision,recall,f1-score,support
negative,0.47619047619047616,0.37037037037037035,0.4166666666666667,27.0
neutral,0.0,0.0,0.0,1.0
positive,0.8148148148148148,0.36666666666666664,0.5057471264367815,60.0
accuracy,0.36363636363636365,0.36363636363636365,0.36363636363636365,0.36363636363636365
macro avg,0.43033509700176364,0.245679012345679,0.3074712643678161,88.0
weighted avg,0.7016594516594515,0.36363636363636365,0.4726684952978056,88.0
