,precision,recall,f1-score,support
negative,0.6153846153846154,0.5925925925925926,0.6037735849056604,27.0
neutral,0.0,0.0,0.0,1.0
positive,0.8387096774193549,0.43333333333333335,0.5714285714285715,60.0
accuracy,0.4772727272727273,0.4772727272727273,0.4772727272727273,0.4772727272727273
macro avg,0.4846980976013235,0.3419753086419753,0.3917340521114106,88.0
weighted avg,0.7606586961425671,0.4772727272727273,0.5748591031609901,88.0
