,precision,recall,f1-score,support
negative,0.5555555555555556,0.37037037037037035,0.4444444444444445,27.0
neutral,0.0,0.0,0.0,1.0
positive,0.88,0.36666666666666664,0.5176470588235295,60.0
accuracy,0.36363636363636365,0.36363636363636365,0.36363636363636365,0.36363636363636365
macro avg,0.47851851851851857,0.245679012345679,0.32069716775599133,88.0
weighted avg,0.7704545454545454,0.36363636363636365,0.4893048128342246,88.0
