,precision,recall,f1-score,support
0,0.0,0.0,0.0,27.0
1,0.0,0.0,0.0,1.0
2,0.6818181818181818,1.0,0.8108108108108109,60.0
accuracy,0.6818181818181818,0.6818181818181818,0.6818181818181818,0.6818181818181818
macro avg,0.22727272727272727,0.3333333333333333,0.2702702702702703,88.0
weighted avg,0.4648760330578512,0.6818181818181818,0.5528255528255529,88.0
