,precision,recall,f1-score,support
negative,0.4444444444444444,0.4444444444444444,0.4444444444444444,27.0
neutral,0.0,0.0,0.0,1.0
positive,0.6666666666666666,0.13333333333333333,0.2222222222222222,60.0
accuracy,0.22727272727272727,0.22727272727272727,0.22727272727272727,0.22727272727272727
macro avg,0.3703703703703704,0.19259259259259257,0.2222222222222222,88.0
weighted avg,0.5909090909090909,0.22727272727272727,0.28787878787878785,88.0
