,precision,recall,f1-score,support
negative,0.5925925925925926,0.5925925925925926,0.5925925925925926,27.0
neutral,0.0,0.0,0.0,1.0
positive,0.9444444444444444,0.2833333333333333,0.4358974358974359,60.0
accuracy,0.375,0.375,0.375,0.375
macro avg,0.5123456790123456,0.2919753086419753,0.34283000949667614,88.0
weighted avg,0.8257575757575757,0.375,0.479020979020979,88.0
