,precision,recall,f1-score,support
negative,0.5093167701863354,0.6721311475409836,0.5795053003533568,122.0
neutral,0.7630718954248366,0.8051724137931034,0.7835570469798657,580.0
positive,0.676923076923077,0.49624060150375937,0.5726681127982647,266.0
micro avg,0.7035123966942148,0.7035123966942148,0.7035123966942148,968.0
macro avg,0.6497705808447496,0.6578480542792821,0.6452434867104957,968.0
weighted avg,0.7074172353002858,0.7035123966942148,0.6998888965865393,968.0
accuracy,0.7035123966942148,0.7035123966942148,0.7035123966942148,0.7035123966942148
