,precision,recall,f1-score,support
negative,0.39759036144578314,0.27049180327868855,0.32195121951219513,122.0
neutral,0.7481296758104738,0.5172413793103449,0.6116207951070337,580.0
positive,0.3884297520661157,0.706766917293233,0.5013333333333333,266.0
micro avg,0.5382231404958677,0.5382231404958677,0.5382231404958677,968.0
macro avg,0.5113832631074576,0.49816669996075547,0.478301782650854,968.0
weighted avg,0.6051069732603792,0.5382231404958677,0.5448065874062334,968.0
accuracy,0.5382231404958677,0.5382231404958677,0.5382231404958677,0.5382231404958677
