,precision,recall,f1-score,support
negative,0.3188405797101449,0.24175824175824176,0.275,91.0
neutral,0.7731958762886598,0.5461165048543689,0.6401137980085349,412.0
positive,0.4072948328267477,0.7204301075268817,0.5203883495145631,186.0
micro avg,0.5529753265602322,0.5529753265602322,0.5529753265602322,689.0
macro avg,0.4997770962751842,0.5027682847131641,0.47850071584103265,689.0
weighted avg,0.6144093362704297,0.5529753265602322,0.559570562829064,689.0
accuracy,0.5529753265602322,0.5529753265602322,0.5529753265602322,0.5529753265602322
