,precision,recall,f1-score,support
negative,0.3645833333333333,0.3017241379310345,0.33018867924528306,116.0
neutral,0.7769028871391076,0.512998266897747,0.6179540709812108,577.0
positive,0.4134419551934827,0.7381818181818182,0.5300261096605744,275.0
micro avg,0.5516528925619835,0.5516528925619835,0.5516528925619835,968.0
macro avg,0.5183093918886412,0.5176347410035332,0.49272295329568944,968.0
weighted avg,0.6242367460993177,0.5516528925619835,0.5584902540343692,968.0
accuracy,0.5516528925619835,0.5516528925619835,0.5516528925619835,0.5516528925619835
