,precision,recall,f1-score,support
negative,0.16304347826086957,0.8677685950413223,0.2745098039215686,121.0
neutral,0.6666666666666666,0.02120141342756184,0.0410958904109589,566.0
positive,0.3137254901960784,0.3416370106761566,0.32708688245315165,281.0
accuracy,0.22004132231404958,0.22004132231404958,0.22004132231404958,0.22004132231404958
macro avg,0.3811452117078715,0.4102023397150136,0.21423085892855973,968.0
weighted avg,0.5012587365165253,0.22004132231404958,0.15329274195914067,968.0
