,precision,recall,f1-score,support
negative,0.21428571428571427,0.1487603305785124,0.175609756097561,121.0
neutral,0.6394366197183099,0.4010600706713781,0.49294245385450597,566.0
positive,0.34593572778827975,0.6512455516014235,0.4518518518518518,281.0
accuracy,0.44214876033057854,0.44214876033057854,0.44214876033057854,0.44214876033057854
macro avg,0.39988602059743467,0.4003553176171047,0.3734680206013063,968.0
weighted avg,0.5010926009273156,0.44214876033057854,0.4413477063427951,968.0
