,precision,recall,f1-score,support
0,0.6890243902439024,0.9338842975206612,0.7929824561403509,121.0
1,0.8934579439252337,0.8445229681978799,0.8683015440508628,566.0
2,0.8215613382899628,0.7864768683274022,0.8036363636363635,281.0
accuracy,0.8388429752066116,0.8388429752066116,0.8388429752066116,0.8388429752066116
macro avg,0.8013478908196996,0.8549613780153145,0.8216401212758591,968.0
weighted avg,0.8470329375420186,0.8388429752066116,0.8401150509375919,968.0
