,precision,recall,f1-score,support
negative,0.23605150214592274,0.45081967213114754,0.30985915492957744,122.0
neutral,0.6033519553072626,0.3724137931034483,0.4605543710021322,580.0
positive,0.3050397877984085,0.4323308270676692,0.35769828926905134,266.0
micro avg,0.3987603305785124,0.3987603305785124,0.39876033057851246,968.0
macro avg,0.38148108175053125,0.41852143076742165,0.376037271733587,968.0
weighted avg,0.4750857447256111,0.3987603305785124,0.41329762089691396,968.0
accuracy,0.3987603305785124,0.3987603305785124,0.3987603305785124,0.3987603305785124
