,precision,recall,f1-score,support
negative,0.3619047619047619,0.3140495867768595,0.336283185840708,121.0
neutral,0.753731343283582,0.5353356890459364,0.6260330578512396,566.0
positive,0.4316702819956616,0.708185053380783,0.5363881401617251,281.0
accuracy,0.5578512396694215,0.5578512396694215,0.5578512396694215,0.5578512396694215
macro avg,0.5157687957280018,0.5191901097345263,0.4995681279512243,968.0
weighted avg,0.6112621546795087,0.5578512396694215,0.5637913673718719,968.0
