,precision,recall,f1-score,support
negative,0.3269230769230769,0.2809917355371901,0.3022222222222222,121.0
neutral,0.6185567010309279,0.42402826855123676,0.5031446540880503,566.0
positive,0.3592436974789916,0.608540925266904,0.4517833553500661,281.0
accuracy,0.4597107438016529,0.4597107438016529,0.4597107438016529,0.4597107438016529
macro avg,0.4349078251443321,0.4378536431184436,0.4190500772201129,968.0
weighted avg,0.5068267190937956,0.4597107438016529,0.46311971689679127,968.0
