,precision,recall,f1-score,support
negative,0.3161764705882353,0.35537190082644626,0.33463035019455256,121.0
neutral,0.6724738675958188,0.6819787985865724,0.6771929824561403,566.0
positive,0.41472868217054265,0.3807829181494662,0.39703153988868267,281.0
accuracy,0.5537190082644629,0.5537190082644629,0.5537190082644629,0.5537190082644629
macro avg,0.46779300678486563,0.4727112058541616,0.46961829084645856,968.0
weighted avg,0.5531160348040625,0.5537190082644629,0.5530447966450787,968.0
