,precision,recall,f1-score,support
0,0.5813953488372093,0.4132231404958678,0.4830917874396135,121.0
1,0.7696969696969697,0.8975265017667845,0.8287112561174551,566.0
2,0.6846846846846847,0.5409252669039146,0.6043737574552684,281.0
accuracy,0.7334710743801653,0.7334710743801653,0.7334710743801653,0.7334710743801653
macro avg,0.678592334406288,0.617224969722189,0.6387256003374456,968.0
weighted avg,0.7214811141055616,0.7334710743801653,0.7203860569086812,968.0
