,precision,recall,f1-score,support
0,0.6894409937888198,0.9173553719008265,0.7872340425531916,121.0
1,0.8931860036832413,0.8568904593639576,0.8746618575293057,566.0
2,0.821969696969697,0.7722419928825622,0.7963302752293578,281.0
accuracy,0.8398760330578512,0.8398760330578512,0.8398760330578512,0.8398760330578512
macro avg,0.801532231480586,0.8488292747157821,0.8194087251039517,968.0
weighted avg,0.8470445487413705,0.8398760330578512,0.8409945638945999,968.0
