,precision,recall,f1-score,support
negative,0.5140845070422535,0.6033057851239669,0.5551330798479087,121.0
neutral,0.7585644371941273,0.8215547703180212,0.7888040712468194,566.0
positive,0.7276995305164319,0.5516014234875445,0.6275303643724696,281.0
accuracy,0.7159090909090909,0.7159090909090909,0.7159090909090909,0.7159090909090909
macro avg,0.6667828249176043,0.6588206596431775,0.657155838489066,968.0
weighted avg,0.7190446951230434,0.7159090909090909,0.7127791729090502,968.0
