,precision,recall,f1-score,support
negative,0.34328358208955223,0.34328358208955223,0.34328358208955223,134.0
neutral,0.6826625386996904,0.747457627118644,0.7135922330097086,590.0
positive,0.43315508021390375,0.3333333333333333,0.3767441860465116,243.0
accuracy,0.5873836608066184,0.5873836608066184,0.5873836608066184,0.5873836608066184
macro avg,0.48636706700104876,0.47469151418050987,0.4778733337152574,967.0
weighted avg,0.57293441812285,0.5873836608066184,0.5776300462099591,967.0
