,precision,recall,f1-score,support
negative,0.5868263473053892,0.7313432835820896,0.6511627906976744,134.0
neutral,0.7731629392971247,0.8203389830508474,0.7960526315789475,590.0
positive,0.7068965517241379,0.5061728395061729,0.5899280575539568,243.0
accuracy,0.7290589451913133,0.7290589451913133,0.7290589451913133,0.7290589451913133
macro avg,0.688961946108884,0.68595170204637,0.6790478266101929,967.0
weighted avg,0.7306894796206734,0.7290589451913133,0.7241772332685407,967.0
