,precision,recall,f1-score,support
negative,0.4732142857142857,0.39552238805970147,0.4308943089430894,134.0
neutral,0.6524064171122995,0.4135593220338983,0.5062240663900415,590.0
positive,0.3284823284823285,0.6502057613168725,0.43646408839779005,243.0
accuracy,0.4705274043433299,0.4705274043433299,0.4705274043433299,0.4705274043433299
macro avg,0.48470101043630454,0.48642915713682405,0.45786082124364036,967.0
weighted avg,0.546175497624795,0.4705274043433299,0.47825523272922593,967.0
