,precision,recall,f1-score,support
negative,0.1904047976011994,0.9477611940298507,0.31710362047440704,134.0
neutral,0.8214285714285714,0.03898305084745763,0.0744336569579288,590.0
positive,0.29044117647058826,0.32510288065843623,0.3067961165048544,243.0
accuracy,0.23681489141675285,0.23681489141675285,0.23681489141675285,0.23681489141675285
macro avg,0.43409151516678635,0.43728237517858154,0.23277779797906342,967.0
weighted avg,0.6005525397143441,0.23681489141675285,0.16645211898596501,967.0
