,precision,recall,f1-score,support
negative,0.35772357723577236,0.34375,0.350597609561753,128.0
neutral,0.6446629213483146,0.8109540636042403,0.7183098591549295,566.0
positive,0.5833333333333334,0.28205128205128205,0.38024691358024687,273.0
micro avg,0.5997931747673216,0.5997931747673216,0.5997931747673216,967.0
macro avg,0.5285732773058068,0.47891844855184074,0.48305146076564315,967.0
weighted avg,0.5893669404026112,0.5997931747673216,0.5741957411716669,967.0
accuracy,0.5997931747673216,0.5997931747673216,0.5997931747673216,0.5997931747673216
