,precision,recall,f1-score,support
negative,0.44680851063829785,0.31343283582089554,0.3684210526315789,134.0
neutral,0.7393162393162394,0.5864406779661017,0.6540642722117203,590.0
positive,0.4074074074074074,0.6790123456790124,0.5092592592592593,243.0
accuracy,0.5718717683557394,0.5718717683557394,0.5718717683557394,0.5718717683557394
macro avg,0.5311773857873149,0.5262952864886699,0.5105815280341862,967.0
weighted avg,0.6153763408708511,0.5718717683557394,0.578093424671713,967.0
