,precision,recall,f1-score,support
0,0.8,0.8059701492537313,0.8029739776951673,134.0
1,0.8509316770186336,0.9288135593220339,0.8881685575364667,590.0
2,0.824468085106383,0.6378600823045267,0.7192575406032483,243.0
accuracy,0.8386763185108583,0.8386763185108583,0.8386763185108583,0.8386763185108583
macro avg,0.8251332540416723,0.790881263626764,0.8034666919449608,967.0
weighted avg,0.8372238201880506,0.8386763185108583,0.833916798680721,967.0
