,precision,recall,f1-score,support
negative,0.313953488372093,0.20149253731343283,0.24545454545454543,134.0
neutral,0.6781002638522428,0.43559322033898307,0.5304437564499485,590.0
positive,0.32270916334661354,0.6666666666666666,0.43489932885906035,243.0
accuracy,0.4612202688728025,0.4612202688728025,0.4612202688728025,0.4612202688728025
macro avg,0.43825430519031644,0.4345841414396942,0.40359921025451806,967.0
weighted avg,0.5383322128313451,0.4612202688728025,0.46694236019558466,967.0
