,precision,recall,f1-score,support
0,0.7834394904458599,0.917910447761194,0.8453608247422681,134.0
1,0.9105839416058394,0.8457627118644068,0.8769771528998243,590.0
2,0.7519083969465649,0.8106995884773662,0.7801980198019801,243.0
accuracy,0.8469493278179938,0.8469493278179938,0.8469493278179938,0.8469493278179938
macro avg,0.815310609666088,0.8581242493676556,0.8341786658146909,967.0
weighted avg,0.8530911662101405,0.8469493278179938,0.8482761008668473,967.0
