,precision,recall,f1-score,support
0,0.7971014492753623,0.41044776119402987,0.541871921182266,134.0
1,0.7877906976744186,0.9186440677966101,0.8482003129890454,590.0
2,0.638095238095238,0.551440329218107,0.5916114790286976,243.0
accuracy,0.7559462254395036,0.7559462254395036,0.7559462254395036,0.7559462254395036
macro avg,0.7409957950150062,0.626844052736249,0.6605612377333364,967.0
weighted avg,0.7514635456959134,0.7559462254395036,0.7412726075552575,967.0
