,precision,recall,f1-score,support
negative,0.651685393258427,0.8529411764705882,0.7388535031847134,68.0
neutral,0.8823529411764706,0.8727272727272727,0.8775137111517368,275.0
positive,0.8555555555555555,0.7129629629629629,0.7777777777777778,108.0
accuracy,0.8314855875831486,0.8314855875831486,0.8314855875831486,0.8314855875831486
macro avg,0.7965312966634843,0.8128771373869412,0.7980483307047427,451.0
weighted avg,0.8411566863971228,0.8314855875831486,0.8327235228010824,451.0
