,precision,recall,f1-score,support
negative,0.46808510638297873,0.3235294117647059,0.3826086956521739,68.0
neutral,0.8371040723981901,0.6727272727272727,0.7459677419354839,275.0
positive,0.4644808743169399,0.7870370370370371,0.5841924398625431,108.0
accuracy,0.647450110864745,0.647450110864745,0.647450110864745,0.647450110864745
macro avg,0.5898900176993697,0.5944312405096719,0.570922959150067,451.0
weighted avg,0.692233573325442,0.647450110864745,0.6524419153919303,451.0
