,precision,recall,f1-score,support
negative,0.44642857142857145,0.36764705882352944,0.403225806451613,68.0
neutral,0.5979899497487438,0.43272727272727274,0.5021097046413502,275.0
positive,0.2755102040816326,0.5,0.35526315789473684,108.0
accuracy,0.43902439024390244,0.43902439024390244,0.43902439024390244,0.43902439024390244
macro avg,0.4399762417529826,0.433458110516934,0.42019955632923334,451.0
weighted avg,0.4979145921926025,0.43902439024390244,0.4520353540304048,451.0
