,precision,recall,f1-score,support
negative,0.3972602739726027,0.5272727272727272,0.453125,55.0
neutral,0.6610878661087866,0.572463768115942,0.6135922330097088,276.0
positive,0.34532374100719426,0.4,0.37065637065637075,120.0
micro avg,0.5210643015521065,0.5210643015521065,0.5210643015521065,451.0
macro avg,0.46789062702952783,0.4999121651295564,0.47912453455535986,451.0
weighted avg,0.5448967073955245,0.5210643015521065,0.5293838044111843,451.0
accuracy,0.5210643015521065,0.5210643015521065,0.5210643015521065,0.5210643015521065
