,precision,recall,f1-score,support
negative,0.19047619047619047,0.9411764705882353,0.3168316831683168,68.0
neutral,0.75,0.02181818181818182,0.04240282685512368,275.0
positive,0.16822429906542055,0.16666666666666666,0.16744186046511628,108.0
accuracy,0.1951219512195122,0.1951219512195122,0.1951219512195122,0.1951219512195122
macro avg,0.3695668298472037,0.37655377302436127,0.17555879016285225,451.0
weighted avg,0.5263206324865773,0.1951219512195122,0.1137229551459803,451.0
