,precision,recall,f1-score,support
negative,0.3684210526315789,0.20588235294117646,0.2641509433962264,68.0
neutral,0.7052631578947368,0.48727272727272725,0.5763440860215053,275.0
positive,0.31390134529147984,0.6481481481481481,0.4229607250755287,108.0
accuracy,0.48337028824833705,0.48337028824833705,0.48337028824833705,0.48337028824833705
macro avg,0.46252851860593186,0.44710107612068395,0.42115191816442016,451.0
weighted avg,0.560756863174013,0.48337028824833705,0.49254245258318063,451.0
