,precision,recall,f1-score,support
0,1.0,0.9411764705882353,0.9696969696969697,68.0
1,0.982078853046595,0.9963636363636363,0.9891696750902528,275.0
2,0.9629629629629629,0.9629629629629629,0.9629629629629629,108.0
accuracy,0.9800443458980045,0.9800443458980045,0.9800443458980045,0.9800443458980045
macro avg,0.9816806053365194,0.9668343566382781,0.9739432025833952,451.0
weighted avg,0.9802032917689881,0.9800443458980045,0.9799579924372804,451.0
