,precision,recall,f1-score,support
0,0.896551724137931,0.38235294117647056,0.5360824742268041,68.0
1,0.8655737704918033,0.96,0.9103448275862069,275.0
2,0.6752136752136753,0.7314814814814815,0.7022222222222222,108.0
accuracy,0.8181818181818182,0.8181818181818182,0.8181818181818182,0.8181818181818182
macro avg,0.812446389947803,0.6912781408859839,0.7162165080117444,451.0
weighted avg,0.8246593814849272,0.8181818181818182,0.8040763543982918,451.0
