,precision,recall,f1-score,support
0,0.9375,0.22058823529411764,0.3571428571428571,68.0
1,0.9381443298969072,0.9927272727272727,0.9646643109540636,275.0
2,0.625,0.8333333333333334,0.7142857142857143,108.0
accuracy,0.8381374722838137,0.8381374722838137,0.8381374722838137,0.8381374722838137
macro avg,0.8335481099656358,0.6822162804515747,0.6786976274608784,451.0
weighted avg,0.8630591812009967,0.8381374722838137,0.8131069998690442,451.0
