,precision,recall,f1-score,support
negative,0.5301204819277109,0.8,0.6376811594202898,55.0
neutral,0.8695652173913043,0.8695652173913043,0.8695652173913043,276.0
positive,0.8695652173913043,0.6666666666666666,0.7547169811320754,120.0
micro avg,0.8070953436807096,0.8070953436807096,0.8070953436807097,451.0
macro avg,0.7564169722367732,0.778743961352657,0.7539877859812232,451.0
weighted avg,0.8281695179445246,0.8070953436807096,0.8107283847094569,451.0
accuracy,0.8070953436807096,0.8070953436807096,0.8070953436807096,0.8070953436807096
