,precision,recall,f1-score,support
negative,0.17142857142857143,0.32727272727272727,0.225,55.0
neutral,0.5783783783783784,0.38768115942028986,0.46420824295010843,276.0
positive,0.2360248447204969,0.31666666666666665,0.27046263345195726,120.0
micro avg,0.3614190687361419,0.3614190687361419,0.3614190687361419,451.0
macro avg,0.32861059817581556,0.3438735177865613,0.31989029213402187,451.0
weighted avg,0.437658503830296,0.3614190687361419,0.3834855677793011,451.0
accuracy,0.3614190687361419,0.3614190687361419,0.3614190687361419,0.3614190687361419
