,precision,recall,f1-score,support
negative,0.390625,0.36764705882352944,0.3787878787878788,68.0
neutral,0.7233333333333334,0.7890909090909091,0.7547826086956522,275.0
positive,0.42528735632183906,0.3425925925925926,0.37948717948717947,108.0
accuracy,0.6186252771618626,0.6186252771618626,0.6186252771618626,0.6186252771618626
macro avg,0.5130818965517242,0.4997768535023437,0.5043525556569035,451.0
weighted avg,0.6017964548767745,0.6186252771618626,0.6082204180343581,451.0
