,precision,recall,f1-score,support
0,0.75,0.676056338028169,0.7111111111111111,71.0
1,0.0,0.0,0.0,9.0
2,0.765625,0.875,0.8166666666666667,112.0
accuracy,0.7604166666666666,0.7604166666666666,0.7604166666666666,0.7604166666666666
macro avg,0.5052083333333334,0.517018779342723,0.5092592592592592,192.0
weighted avg,0.7239583333333334,0.7604166666666666,0.7393518518518519,192.0
