,precision,recall,f1-score,support
negative,0.6666666666666666,0.84375,0.7448275862068966,64.0
neutral,0.8389261744966443,0.9057971014492754,0.8710801393728224,276.0
positive,0.863013698630137,0.5625,0.6810810810810811,112.0
micro avg,0.8119469026548672,0.8119469026548672,0.8119469026548671,452.0
macro avg,0.7895355132644827,0.7706823671497585,0.7656629355536001,452.0
weighted avg,0.820504037775035,0.8119469026548672,0.8061242589938528,452.0
accuracy,0.8119469026548672,0.8119469026548672,0.8119469026548672,0.8119469026548672
