,precision,recall,f1-score,support
negative,0.7051282051282052,0.9166666666666666,0.7971014492753623,60.0
neutral,0.8724137931034482,0.887719298245614,0.88,285.0
positive,0.8235294117647058,0.6481481481481481,0.7253886010362693,108.0
accuracy,0.8344370860927153,0.8344370860927153,0.8344370860927153,0.8344370860927153
macro avg,0.8003571366654532,0.8175113710201428,0.8008300167705439,453.0
weighted avg,0.8386022070921927,0.8344370860927153,0.8321590637272381,453.0
