,precision,recall,f1-score,support
negative,0.28125,0.3,0.29032258064516125,60.0
neutral,0.7254237288135593,0.7508771929824561,0.7379310344827587,285.0
positive,0.425531914893617,0.37037037037037035,0.39603960396039606,108.0
accuracy,0.6004415011037527,0.6004415011037527,0.6004415011037527,0.6004415011037527
macro avg,0.47740188123572547,0.47374918778427544,0.474764406362772,453.0
weighted avg,0.595095385254691,0.6004415011037527,0.5971346068300633,453.0
