,precision,recall,f1-score,support
negative,0.47058823529411764,0.26666666666666666,0.3404255319148936,60.0
neutral,0.8333333333333334,0.6842105263157895,0.7514450867052023,285.0
positive,0.43243243243243246,0.7407407407407407,0.5460750853242321,108.0
accuracy,0.6423841059602649,0.6423841059602649,0.6423841059602649,0.6423841059602649
macro avg,0.5787846670199611,0.563872644574399,0.545981901314776,453.0
weighted avg,0.6897086022524278,0.6423841059602649,0.6480430261388374,453.0
