,precision,recall,f1-score,support
negative,0.18181818181818182,0.1,0.12903225806451613,60.0
neutral,0.6923076923076923,0.47368421052631576,0.5625,285.0
positive,0.28888888888888886,0.6018518518518519,0.39039039039039036,108.0
accuracy,0.45474613686534215,0.45474613686534215,0.45474613686534215,0.45474613686534215
macro avg,0.38767158767158766,0.39184535412605587,0.36064088281830214,453.0
weighted avg,0.5285138702357245,0.45474613686534215,0.46405429943936677,453.0
