,precision,recall,f1-score,support
negative,0.28703703703703703,0.4696969696969697,0.35632183908045983,66.0
neutral,0.6041666666666666,0.4098939929328622,0.4884210526315789,283.0
positive,0.19607843137254902,0.28846153846153844,0.23346303501945526,104.0
micro avg,0.39072847682119205,0.39072847682119205,0.39072847682119205,453.0
macro avg,0.3624273783587509,0.3893508336971235,0.3594019755771647,453.0
weighted avg,0.4642732184853337,0.39072847682119205,0.41064140158072965,453.0
accuracy,0.39072847682119205,0.39072847682119205,0.39072847682119205,0.39072847682119205
