,precision,recall,f1-score,support
0,0.8666666666666667,0.8666666666666667,0.8666666666666667,60.0
1,0.9611307420494699,0.9543859649122807,0.9577464788732394,285.0
2,0.8090909090909091,0.8240740740740741,0.81651376146789,108.0
accuracy,0.9116997792494481,0.9116997792494481,0.9116997792494481,0.9116997792494481
macro avg,0.8789627726023485,0.8817089018843404,0.8803089690025988,453.0
weighted avg,0.9123710367901039,0.9116997792494481,0.9120115512525504,453.0
