,precision,recall,f1-score,support
negative,0.42857142857142855,0.4090909090909091,0.4186046511627907,66.0
neutral,0.6933701657458563,0.8869257950530035,0.7782945736434108,283.0
positive,0.6785714285714286,0.18269230769230768,0.28787878787878785,104.0
micro avg,0.6556291390728477,0.6556291390728477,0.6556291390728477,453.0
macro avg,0.6001710076295711,0.49290300394540676,0.49492600422832983,453.0
weighted avg,0.6513927147090953,0.6556291390728477,0.6132994818040252,453.0
accuracy,0.6556291390728477,0.6556291390728477,0.6556291390728477,0.6556291390728477
