,precision,recall,f1-score,support
0,0.7894736842105263,1.0,0.8823529411764706,60.0
1,0.9925093632958801,0.9298245614035088,0.9601449275362318,285.0
2,0.9272727272727272,0.9444444444444444,0.9357798165137615,108.0
accuracy,0.9426048565121413,0.9426048565121413,0.9426048565121413,0.9426048565121413
macro avg,0.9030852582597113,0.9580896686159844,0.9260925617421547,453.0
weighted avg,0.9500641150936245,0.9426048565121413,0.9440324525428267,453.0
