,precision,recall,f1-score,support
negative,0.17207792207792208,0.8833333333333333,0.28804347826086957,60.0
neutral,0.7058823529411765,0.042105263157894736,0.07947019867549669,285.0
positive,0.1640625,0.19444444444444445,0.17796610169491525,108.0
accuracy,0.18984547461368653,0.18984547461368653,0.18984547461368653,0.18984547461368653
macro avg,0.34734092500636615,0.3732943469785575,0.18182659287709382,453.0
weighted avg,0.5060041852382133,0.18984547461368653,0.13057826556560612,453.0
