,precision,recall,f1-score,support
negative,0.44,0.36666666666666664,0.4,60.0
neutral,0.6604651162790698,0.4982456140350877,0.5680000000000001,285.0
positive,0.30851063829787234,0.5370370370370371,0.39189189189189194,108.0
accuracy,0.4900662251655629,0.4900662251655629,0.4900662251655629,0.4900662251655629
macro avg,0.4696585848589807,0.4673164392462638,0.45329729729729734,453.0
weighted avg,0.5473547617565234,0.4900662251655629,0.5037623053517094,453.0
