,precision,recall,f1-score,support
negative,0.4520547945205479,0.5,0.474820143884892,66.0
neutral,0.7115384615384616,0.6537102473498233,0.6813996316758748,283.0
positive,0.325,0.375,0.34821428571428575,104.0
micro avg,0.5673289183222958,0.5673289183222958,0.5673289183222958,453.0
macro avg,0.4961977520196698,0.5095700824499411,0.5014780204250175,453.0
weighted avg,0.5849911723040635,0.5673289183222958,0.5748090749999143,453.0
accuracy,0.5673289183222958,0.5673289183222958,0.5673289183222958,0.5673289183222958
