,precision,recall,f1-score,support
0,0.896551724137931,0.43333333333333335,0.5842696629213484,60.0
1,0.8938906752411575,0.9754385964912281,0.9328859060402684,285.0
2,0.6991150442477876,0.7314814814814815,0.7149321266968327,108.0
accuracy,0.8454746136865342,0.8454746136865342,0.8454746136865342,0.8454746136865342
macro avg,0.8298524812089587,0.713417803768681,0.7440292318861498,453.0
weighted avg,0.8478065577721121,0.8454746136865342,0.8347490787638308,453.0
