,precision,recall,f1-score,support
negative,0.23983739837398374,0.5130434782608696,0.3268698060941828,115.0
neutral,0.5913312693498453,0.3345008756567426,0.4272930648769575,571.0
positive,0.32575757575757575,0.46236559139784944,0.38222222222222224,279.0
micro avg,0.3927461139896373,0.3927461139896373,0.3927461139896373,965.0
macro avg,0.3856420811604682,0.4366366484384872,0.37879503106445417,965.0
weighted avg,0.4726609525887393,0.3927461139896373,0.4022946816016308,965.0
accuracy,0.3927461139896373,0.3927461139896373,0.3927461139896373,0.3927461139896373
