,precision,recall,f1-score,support
negative,0.49038461538461536,0.75,0.5930232558139534,68.0
neutral,0.8590604026845637,0.8590604026845637,0.8590604026845637,447.0
positive,0.8043478260869565,0.6379310344827587,0.7115384615384616,174.0
micro avg,0.7924528301886793,0.7924528301886793,0.7924528301886793,689.0
macro avg,0.7179309480520452,0.7489971457224408,0.7212073733456595,689.0
weighted avg,0.8088572940279888,0.7924528301886793,0.7955490184369247,689.0
accuracy,0.7924528301886793,0.7924528301886793,0.7924528301886793,0.7924528301886793
