,precision,recall,f1-score,support
0,0.7439024390243902,0.782051282051282,0.7624999999999998,78.0
1,0.0,0.0,0.0,7.0
2,0.8090909090909091,0.8317757009345794,0.8202764976958525,107.0
accuracy,0.78125,0.78125,0.78125,0.78125
macro avg,0.5176644493717665,0.5379423276619538,0.5275921658986175,192.0
weighted avg,0.7531099870657797,0.78125,0.7668988815284178,192.0
