,precision,recall,f1-score,support
negative,0.28169014084507044,0.20408163265306123,0.23668639053254437,98.0
neutral,0.7352112676056338,0.5251509054325956,0.6126760563380282,497.0
positive,0.42206235011990406,0.7096774193548387,0.5293233082706766,248.0
micro avg,0.5421115065243179,0.5421115065243179,0.5421115065243179,843.0
macro avg,0.4796545861902028,0.4796366524801652,0.45956191838041643,843.0
weighted avg,0.590364290192827,0.5421115065243179,0.5444453697785495,843.0
accuracy,0.5421115065243179,0.5421115065243179,0.5421115065243179,0.5421115065243179
