,precision,recall,f1-score,support
negative,0.43548387096774194,0.46551724137931033,0.45,116.0
neutral,0.6740331491712708,0.8457538994800693,0.7501921598770176,577.0
positive,0.575,0.2509090909090909,0.3493670886075949,275.0
micro avg,0.631198347107438,0.631198347107438,0.631198347107438,968.0
macro avg,0.5615056733796709,0.5207267439228235,0.5165197494948708,968.0
weighted avg,0.6173122480414063,0.631198347107438,0.6003479603472395,968.0
accuracy,0.631198347107438,0.631198347107438,0.631198347107438,0.631198347107438
