,precision,recall,f1-score,support
negative,0.3032579073417684,0.39297783597705344,0.342019243716739,120.8
neutral,0.6349387004805794,0.5257244253086266,0.5751667995377274,573.8
positive,0.3580458041747686,0.4406433069108008,0.39500140084240326,272.4
micro avg,0.48521240259705467,0.48521240259705467,0.48521240259705467,967.0
macro avg,0.4320808039990388,0.45311518939882695,0.43739581469895655,967.0
weighted avg,0.5155264323747375,0.48521240259705467,0.49532092776133274,967.0
accuracy,0.48521240259705467,0.48521240259705467,0.48521240259705467,0.48521240259705467
