,precision,recall,f1-score,support
negative,0.375,0.46153846153846156,0.41379310344827586,52.0
neutral,0.7375886524822695,0.7619047619047619,0.7495495495495496,273.0
positive,0.4716981132075472,0.3937007874015748,0.42918454935622313,127.0
accuracy,0.6238938053097345,0.6238938053097345,0.6238938053097345,0.6238938053097345
macro avg,0.5280955885632722,0.5390480036149328,0.5308424007846829,452.0
weighted avg,0.6211667312057922,0.6238938053097345,0.6209086419791542,452.0
