,precision,recall,f1-score,support
negative,0.4230769230769231,0.4230769230769231,0.4230769230769231,52.0
neutral,0.8405797101449275,0.6373626373626373,0.725,273.0
positive,0.49740932642487046,0.7559055118110236,0.6,127.0
accuracy,0.6460176991150443,0.6460176991150443,0.6460176991150443,0.6460176991150443
macro avg,0.587021986548907,0.6054483574168613,0.5826923076923077,452.0
weighted avg,0.6961266489502739,0.6460176991150443,0.6551438053097345,452.0
