,precision,recall,f1-score,support
negative,0.2,0.15384615384615385,0.17391304347826086,52.0
neutral,0.7180851063829787,0.4945054945054945,0.5856832971800434,273.0
positive,0.35714285714285715,0.6299212598425197,0.4558404558404558,127.0
accuracy,0.49336283185840707,0.49336283185840707,0.49336283185840707,0.49336283185840707
macro avg,0.4250759878419453,0.4260909693980561,0.40514559883292,452.0
weighted avg,0.557067205530301,0.49336283185840707,0.5018291068202639,452.0
