,precision,recall,f1-score,support
0,1.0,0.15384615384615385,0.2666666666666667,52.0
1,0.8862876254180602,0.9706959706959707,0.9265734265734266,273.0
2,0.6689655172413793,0.7637795275590551,0.7132352941176471,127.0
accuracy,0.8185840707964602,0.8185840707964602,0.8185840707964602,0.8185840707964602
macro avg,0.8517510475531465,0.6294405507003932,0.6354917957859135,452.0
weighted avg,0.8383078372318266,0.8185840707964602,0.7907125983941444,452.0
