,precision,recall,f1-score,support
negative,0.6363636363636364,0.8076923076923077,0.7118644067796609,52.0
neutral,0.8620689655172413,0.9157509157509157,0.8880994671403196,273.0
positive,0.8854166666666666,0.6692913385826772,0.7623318385650225,127.0
accuracy,0.834070796460177,0.834070796460177,0.834070796460177,0.834070796460177
macro avg,0.7946164228491814,0.797578187341967,0.7874319041616676,452.0
weighted avg,0.8426629498756253,0.834070796460177,0.8324872725212554,452.0
