,precision,recall,f1-score,support
negative,0.3191489361702128,0.28846153846153844,0.30303030303030304,52.0
neutral,0.6205128205128205,0.4432234432234432,0.5170940170940171,273.0
positive,0.319047619047619,0.5275590551181102,0.3976261127596439,127.0
accuracy,0.4491150442477876,0.4491150442477876,0.4491150442477876,0.4491150442477876
macro avg,0.4195697919102175,0.4197480122676973,0.4059168109613214,452.0
weighted avg,0.5011389210174749,0.4491150442477876,0.45889990872725045,452.0
