,precision,recall,f1-score,support
negative,0.15960912052117263,0.9423076923076923,0.27298050139275765,52.0
neutral,0.8235294117647058,0.05128205128205128,0.09655172413793102,273.0
positive,0.234375,0.23622047244094488,0.2352941176470588,127.0
accuracy,0.20575221238938052,0.20575221238938052,0.20575221238938052,0.20575221238938052
macro avg,0.4058378440952928,0.4099367386768962,0.20160878105924915,452.0
weighted avg,0.5816124528293489,0.20575221238938052,0.155831769254989,452.0
