,precision,recall,f1-score,support
0,0.6521739130434783,0.28846153846153844,0.39999999999999997,52.0
1,0.8557377049180328,0.9560439560439561,0.903114186851211,273.0
2,0.6935483870967742,0.6771653543307087,0.6852589641434264,127.0
accuracy,0.8008849557522124,0.8008849557522124,0.8008849557522124,0.8008849557522124
macro avg,0.7338200016860951,0.6405569496120678,0.6627910503315458,452.0
weighted avg,0.7867479692083499,0.8008849557522124,0.7840222598597252,452.0
