,precision,recall,f1-score,support
0,0.8620689655172413,0.9615384615384616,0.9090909090909091,52.0
1,0.996268656716418,0.978021978021978,0.9870609981515712,273.0
2,0.9682539682539683,0.9606299212598425,0.9644268774703557,127.0
accuracy,0.9712389380530974,0.9712389380530974,0.9712389380530974,0.9712389380530974
macro avg,0.9421971968292092,0.9667301202734273,0.9535262615709454,452.0
weighted avg,0.9729583704839218,0.9712389380530974,0.9717314009000916,452.0
