,precision,recall,f1-score,support
0,0.8602150537634409,0.9411764705882353,0.898876404494382,85.0
1,0.9540229885057471,0.962877030162413,0.9584295612009238,431.0
2,0.9254658385093167,0.861271676300578,0.8922155688622754,173.0
accuracy,0.9346879535558781,0.9346879535558781,0.9346879535558781,0.9346879535558781
macro avg,0.9132346269261683,0.9217750590170755,0.9165071781858604,689.0
weighted avg,0.9352797934368378,0.9346879535558781,0.9344570808023138,689.0
