,precision,recall,f1-score,support
negative,0.3372093023255814,0.3411764705882353,0.3391812865497076,85.0
neutral,0.6763636363636364,0.43155452436194897,0.5269121813031161,431.0
positive,0.3231707317073171,0.6127167630057804,0.4231536926147704,173.0
accuracy,0.46589259796806964,0.46589259796806964,0.46589259796806964,0.46589259796806964
macro avg,0.44558122346551166,0.4618159193186549,0.42974905348919806,689.0
weighted avg,0.5458404275119993,0.46589259796806964,0.47769977985591217,689.0
