,precision,recall,f1-score,support
negative,0.2962962962962963,0.23529411764705882,0.2622950819672131,68.0
neutral,0.8408304498269896,0.5436241610738255,0.6603260869565217,447.0
positive,0.3988439306358382,0.7931034482758621,0.5307692307692308,174.0
micro avg,0.5761973875181422,0.5761973875181422,0.5761973875181422,689.0
macro avg,0.5119902255863747,0.5240072423322488,0.4844634665643219,689.0
weighted avg,0.6754690902052951,0.5761973875181422,0.5883246336678982,689.0
accuracy,0.5761973875181422,0.5761973875181422,0.5761973875181422,0.5761973875181422
