,precision,recall,f1-score,support
negative,0.3125,0.23529411764705882,0.2684563758389262,85.0
neutral,0.7343173431734318,0.4617169373549884,0.566951566951567,431.0
positive,0.3163841807909605,0.6473988439306358,0.4250474383301708,173.0
accuracy,0.48040638606676345,0.48040638606676345,0.48040638606676345,0.48040638606676345
macro avg,0.45440050798813075,0.44813663297756107,0.420151793706888,689.0
weighted avg,0.5773406940269742,0.48040638606676345,0.4944965517177846,689.0
