,precision,recall,f1-score,support
0,0.7053571428571429,0.9294117647058824,0.802030456852792,85.0
1,0.9295154185022027,0.9791183294663574,0.9536723163841808,431.0
2,0.959349593495935,0.6820809248554913,0.7972972972972973,173.0
accuracy,0.8984034833091437,0.8984034833091437,0.8984034833091437,0.8984034833091437
macro avg,0.8647407182850935,0.863537006342577,0.8510000235114233,689.0
weighted avg,0.9093526592047942,0.8984034833091437,0.8957007106335293,689.0
