,precision,recall,f1-score,support
negative,0.5963302752293578,0.7647058823529411,0.6701030927835051,85.0
neutral,0.834841628959276,0.8561484918793504,0.845360824742268,431.0
positive,0.7463768115942029,0.5953757225433526,0.6623794212218649,173.0
accuracy,0.7793904208998549,0.7793904208998549,0.7793904208998549,0.7793904208998549
macro avg,0.7258495719276121,0.7387433655918813,0.7259477795825461,689.0
weighted avg,0.7832046500460674,0.7793904208998549,0.7777952368968042,689.0
