,precision,recall,f1-score,support
negative,0.43333333333333335,0.4588235294117647,0.44571428571428573,85.0
neutral,0.8253968253968254,0.6032482598607889,0.6970509383378016,431.0
positive,0.44366197183098594,0.7283236994219653,0.5514223194748359,173.0
accuracy,0.6168359941944848,0.6168359941944848,0.6168359941944848,0.6168359941944848
macro avg,0.5674640435203816,0.5967984962315063,0.5647291811756411,689.0
weighted avg,0.6811798058144058,0.6168359941944848,0.629478563103706,689.0
