,precision,recall,f1-score,support
0,0.7454545454545455,0.4823529411764706,0.5857142857142857,85.0
1,0.860125260960334,0.9559164733178654,0.9054945054945056,431.0
2,0.7419354838709677,0.6647398843930635,0.701219512195122,173.0
accuracy,0.8243831640058055,0.8243831640058055,0.8243831640058055,0.8243831640058055
macro avg,0.7825050967619491,0.7010030996291331,0.7308094344679711,689.0
weighted avg,0.8163025581236831,0.8243831640058055,0.8147530069137915,689.0
