,precision,recall,f1-score,support
negative,0.20481927710843373,0.5,0.29059829059829057,68.0
neutral,0.6450381679389313,0.378076062639821,0.4767277856135402,447.0
positive,0.2835249042145594,0.42528735632183906,0.34022988505747126,174.0
micro avg,0.4020319303338171,0.4020319303338171,0.4020319303338171,689.0
macro avg,0.3777941164206415,0.43445447298722,0.36918532042310065,689.0
weighted avg,0.5102947826493601,0.4020319303338171,0.4238867981566563,689.0
accuracy,0.4020319303338171,0.4020319303338171,0.4020319303338171,0.4020319303338171
