,precision,recall,f1-score,support
negative,0.1724137931034483,0.9411764705882353,0.29143897996357016,85.0
neutral,0.7727272727272727,0.03944315545243619,0.07505518763796909,431.0
positive,0.26108374384236455,0.3063583815028902,0.28191489361702127,173.0
accuracy,0.21770682148040638,0.21770682148040638,0.21770682148040638,0.21770682148040638
macro avg,0.4020749365576952,0.4289926691811872,0.21613635373952014,689.0
weighted avg,0.5702004566676004,0.21770682148040638,0.1536899503114845,689.0
