,precision,recall,f1-score,support
negative,0.36538461538461536,0.4470588235294118,0.40211640211640215,85.0
neutral,0.752913752913753,0.7494199535962877,0.7511627906976744,431.0
positive,0.4551282051282051,0.41040462427745666,0.4316109422492401,173.0
accuracy,0.6269956458635704,0.6269956458635704,0.6269956458635704,0.6269956458635704
macro avg,0.5244755244755245,0.5356278004677187,0.5282967116877723,689.0
weighted avg,0.6303348320764868,0.6269956458635704,0.6278661102753417,689.0
