,precision,recall,f1-score,support
negative,0.34507042253521125,0.4260869565217391,0.38132295719844356,115.0
neutral,0.6361607142857143,0.5688622754491018,0.6006322444678609,501.0
positive,0.3557312252964427,0.3964757709251101,0.37500000000000006,227.0
micro avg,0.5029655990510083,0.5029655990510083,0.5029655990510083,843.0
macro avg,0.4456541207057894,0.4638083342986503,0.4523184005554348,843.0
weighted avg,0.5209378464898988,0.5029655990510083,0.5099571702920751,843.0
accuracy,0.5029655990510083,0.5029655990510083,0.5029655990510083,0.5029655990510083
