,precision,recall,f1-score,support
negative,0.5304006363289799,0.7053813133854115,0.6047460173494266,102.8
neutral,0.7782086049636259,0.8366596307722898,0.8063256028418261,505.4
positive,0.7442473915264772,0.5153089249296856,0.6085753949742285,233.6
micro avg,0.7315325134899627,0.7315325134899627,0.7315325134899627,841.8
macro avg,0.6842855442730277,0.6857832896957957,0.6732156717218272,841.8
weighted avg,0.73891789708322,0.7315325134899627,0.72710540642366,841.8
accuracy,0.7315325134899627,0.7315325134899627,0.7315325134899627,0.7315325134899627
