,precision,recall,f1-score,support
negative,0.42857142857142855,0.3333333333333333,0.375,81.0
neutral,0.8012820512820513,0.5841121495327103,0.6756756756756758,428.0
positive,0.4158730158730159,0.7237569060773481,0.5282258064516129,181.0
micro avg,0.591304347826087,0.591304347826087,0.591304347826087,690.0
macro avg,0.5485754985754986,0.5470674629811306,0.5263004940424296,690.0
weighted avg,0.6564290138203182,0.591304347826087,0.6017000871839582,690.0
accuracy,0.591304347826087,0.591304347826087,0.591304347826087,0.591304347826087
