,precision,recall,f1-score,support
negative,0.8,0.48484848484848486,0.6037735849056605,33.0
neutral,0.034482758620689655,1.0,0.06666666666666667,2.0
positive,1.0,0.17307692307692307,0.29508196721311475,52.0
accuracy,0.3103448275862069,0.3103448275862069,0.3103448275862069,0.3103448275862069
macro avg,0.6114942528735633,0.5526418026418026,0.3218407395951473,87.0
weighted avg,0.9019421323820849,0.3103448275862069,0.40692096471611605,87.0
