,precision,recall,f1-score,support
negative,0.46153846153846156,0.7272727272727273,0.5647058823529413,33.0
neutral,0.0,0.0,0.0,2.0
positive,0.7586206896551724,0.4230769230769231,0.5432098765432098,52.0
accuracy,0.5287356321839081,0.5287356321839081,0.5287356321839081,0.5287356321839081
macro avg,0.40671971706454463,0.38344988344988346,0.3693052529653837,87.0
weighted avg,0.6284947711820482,0.5287356321839081,0.5388759505505054,87.0
