,precision,recall,f1-score,support
negative,0.7368421052631579,0.42424242424242425,0.5384615384615385,33.0
neutral,0.0625,1.0,0.11764705882352941,2.0
positive,0.6944444444444444,0.4807692307692308,0.5681818181818181,52.0
accuracy,0.47126436781609193,0.47126436781609193,0.47126436781609193,0.47126436781609193
macro avg,0.49792884990253405,0.635003885003885,0.4080968051556287,87.0
weighted avg,0.6959988572964979,0.47126436781609193,0.5465514877279584,87.0
