,precision,recall,f1-score,support
0,0.8666666666666667,0.3939393939393939,0.5416666666666666,33.0
1,0.0,0.0,0.0,2.0
2,0.6944444444444444,0.9615384615384616,0.8064516129032258,52.0
accuracy,0.7241379310344828,0.7241379310344828,0.7241379310344828,0.7241379310344828
macro avg,0.5203703703703704,0.4518259518259518,0.44937275985663083,87.0
weighted avg,0.7438058748403575,0.7241379310344828,0.6874768261030775,87.0
