,precision,recall,f1-score,support
negative,0.7307692307692307,0.5757575757575758,0.6440677966101696,33.0
neutral,0.019230769230769232,0.5,0.037037037037037035,2.0
positive,0.6666666666666666,0.11538461538461539,0.19672131147540986,52.0
accuracy,0.2988505747126437,0.2988505747126437,0.2988505747126437,0.2988505747126437
macro avg,0.47222222222222215,0.39704739704739705,0.2926087150408721,87.0
weighted avg,0.6760978485116416,0.2988505747126437,0.36273355814863195,87.0
