,precision,recall,f1-score,support
0,0.0,0.0,0.0,33.0
1,0.0,0.0,0.0,2.0
2,0.5977011494252874,1.0,0.7482014388489209,52.0
accuracy,0.5977011494252874,0.5977011494252874,0.5977011494252874,0.5977011494252874
macro avg,0.1992337164750958,0.3333333333333333,0.24940047961630696,87.0
weighted avg,0.3572466640243097,0.5977011494252874,0.4472008600016538,87.0
