,precision,recall,f1-score,support
negative,0.6363636363636364,0.21212121212121213,0.3181818181818182,33.0
neutral,0.04878048780487805,1.0,0.09302325581395349,2.0
positive,0.6285714285714286,0.4230769230769231,0.5057471264367815,52.0
accuracy,0.3563218390804598,0.3563218390804598,0.3563218390804598,0.3563218390804598
macro avg,0.43790518424664765,0.5450660450660451,0.30565073347751776,87.0
weighted avg,0.6181985662221153,0.3563218390804598,0.4251137596131098,87.0
