,precision,recall,f1-score,support
negative,0.7777777777777778,0.42424242424242425,0.5490196078431373,33.0
neutral,0.058823529411764705,1.0,0.1111111111111111,2.0
positive,0.7428571428571429,0.5,0.5977011494252874,52.0
accuracy,0.4827586206896552,0.4827586206896552,0.4827586206896552,0.4827586206896552
macro avg,0.5264861500155619,0.6414141414141414,0.41927728945984527,87.0
weighted avg,0.7403779902765705,0.4827586206896552,0.5680497592087437,87.0
