,precision,recall,f1-score,support
negative,0.5714285714285714,0.12121212121212122,0.2,33.0
neutral,0.03278688524590164,1.0,0.06349206349206349,2.0
positive,0.7368421052631579,0.2692307692307692,0.39436619718309857,52.0
accuracy,0.22988505747126436,0.22988505747126436,0.22988505747126436,0.22988505747126436
macro avg,0.4470191873125436,0.4634809634809634,0.2192860868917207,87.0
weighted avg,0.6579138632335502,0.22988505747126436,0.313034785982819,87.0
