,precision,recall,f1-score,support
negative,0.8947368421052632,0.5151515151515151,0.6538461538461537,33.0
neutral,0.03333333333333333,1.0,0.06451612903225806,2.0
positive,1.0,0.15384615384615385,0.2666666666666667,52.0
accuracy,0.3103448275862069,0.3103448275862069,0.3103448275862069,0.3103448275862069
macro avg,0.6426900584795322,0.5563325563325563,0.3283429831816928,87.0
weighted avg,0.9378503730590845,0.3103448275862069,0.40888071266269266,87.0
