,precision,recall,f1-score,support
0,0.34615384615384615,0.2727272727272727,0.3050847457627119,33.0
1,0.0,0.0,0.0,2.0
2,0.5901639344262295,0.6923076923076923,0.6371681415929203,52.0
accuracy,0.5172413793103449,0.5172413793103449,0.5172413793103449,0.5172413793103449
macro avg,0.3121059268600252,0.32167832167832167,0.31408429578521074,87.0
weighted avg,0.4840413967039179,0.5172413793103449,0.4965579307241535,87.0
