,precision,recall,f1-score,support
negative,0.48148148148148145,0.3939393939393939,0.43333333333333324,33.0
neutral,0.02702702702702703,0.5,0.05128205128205129,2.0
positive,0.6521739130434783,0.28846153846153844,0.39999999999999997,52.0
accuracy,0.3333333333333333,0.3333333333333333,0.3333333333333333,0.3333333333333333
macro avg,0.3868941405173289,0.3941336441336441,0.2948717948717948,87.0
weighted avg,0.5730573151862507,0.3333333333333333,0.4046271735926908,87.0
