,precision,recall,f1-score,support
negative,0.8947368421052632,0.5151515151515151,0.6538461538461537,33.0
neutral,0.0392156862745098,1.0,0.07547169811320754,2.0
positive,0.8823529411764706,0.28846153846153844,0.4347826086956522,52.0
accuracy,0.39080459770114945,0.39080459770114945,0.39080459770114945,0.39080459770114945
macro avg,0.6054351565187478,0.6012043512043511,0.38803348688500455,87.0
weighted avg,0.8676678172781513,0.39080459770114945,0.5096156566129126,87.0
