,precision,recall,f1-score,support
negative,0.7647058823529411,0.3939393939393939,0.5199999999999999,33.0
neutral,0.022727272727272728,0.5,0.04347826086956522,2.0
positive,0.7692307692307693,0.38461538461538464,0.5128205128205128,52.0
accuracy,0.39080459770114945,0.39080459770114945,0.39080459770114945,0.39080459770114945
macro avg,0.5188879747703278,0.4261849261849262,0.3587662578966926,87.0
weighted avg,0.7503534329092139,0.39080459770114945,0.5047542895219057,87.0
