,precision,recall,f1-score,support
negative,0.6153846153846154,0.8484848484848485,0.713375796178344,66.0
neutral,0.8741258741258742,0.8833922261484098,0.8787346221441124,283.0
positive,0.868421052631579,0.6346153846153846,0.7333333333333333,104.0
micro avg,0.8211920529801324,0.8211920529801324,0.8211920529801325,453.0
macro avg,0.7859771807140229,0.7888308197495476,0.7751479172185965,453.0
weighted avg,0.8351187559971109,0.8211920529801324,0.8212612964265368,453.0
accuracy,0.8211920529801324,0.8211920529801324,0.8211920529801324,0.8211920529801324
