,precision,recall,f1-score,support
negative,0.2608695652173913,0.5294117647058824,0.34951456310679613,68.0
neutral,0.6900584795321637,0.5279642058165548,0.5982256020278833,447.0
positive,0.33014354066985646,0.39655172413793105,0.360313315926893,174.0
micro avg,0.4949201741654572,0.4949201741654572,0.4949201741654572,689.0
macro avg,0.4270238618064705,0.48464256488678936,0.43601782702052416,689.0
weighted avg,0.5568073249088749,0.4949201741654572,0.5135970266603851,689.0
accuracy,0.4949201741654572,0.4949201741654572,0.4949201741654572,0.4949201741654572
