,precision,recall,f1-score,support
0,0.8214285714285714,0.26744186046511625,0.40350877192982454,86.0
1,0.0,0.0,0.0,8.0
2,0.5670731707317073,0.9489795918367347,0.7099236641221374,98.0
accuracy,0.6041666666666666,0.6041666666666666,0.6041666666666666,0.6041666666666666
macro avg,0.4628339140534263,0.40547381743395033,0.37114414535065393,192.0
weighted avg,0.6573751451800232,0.6041666666666666,0.5430951743225748,192.0
