,precision,recall,f1-score,support
negative,0.7017543859649122,0.46511627906976744,0.5594405594405595,86.0
neutral,0.03636363636363636,0.5,0.06779661016949153,8.0
positive,0.8,0.20408163265306123,0.3252032520325203,98.0
accuracy,0.3333333333333333,0.3333333333333333,0.3333333333333333,0.3333333333333333
macro avg,0.5127060074428496,0.38973263724094287,0.31748014054752377,192.0
weighted avg,0.7241759702286018,0.3333333333333333,0.4193967692314116,192.0
