,precision,recall,f1-score,support
negative,0.6842105263157895,0.3023255813953488,0.41935483870967744,86.0
neutral,0.0425531914893617,0.5,0.0784313725490196,8.0
positive,0.65,0.3979591836734694,0.49367088607594933,98.0
accuracy,0.359375,0.359375,0.359375,0.359375
macro avg,0.45892123926838374,0.4000949216896061,0.3304856991115488,192.0
weighted avg,0.6400131812243375,0.359375,0.44308184346285123,192.0
