,precision,recall,f1-score,support
negative,0.5384615384615384,0.08139534883720931,0.1414141414141414,86.0
neutral,0.0410958904109589,0.75,0.07792207792207792,8.0
positive,0.3939393939393939,0.1326530612244898,0.1984732824427481,98.0
accuracy,0.13541666666666666,0.13541666666666666,0.13541666666666666,0.13541666666666666
macro avg,0.3244989409372971,0.3213494700205664,0.13926983392632247,192.0
weighted avg,0.443971458526253,0.13541666666666666,0.16789257533532342,192.0
