,precision,recall,f1-score,support
negative,0.5862068965517241,0.3953488372093023,0.4722222222222222,86.0
neutral,0.03225806451612903,0.375,0.05940594059405941,8.0
positive,0.5853658536585366,0.24489795918367346,0.34532374100719426,98.0
accuracy,0.3177083333333333,0.3177083333333333,0.3177083333333333,0.3177083333333333
macro avg,0.4012769382421299,0.33841559879765865,0.29231730127449196,192.0
weighted avg,0.5626964129068431,0.3177083333333333,0.3902504440342116,192.0
