,precision,recall,f1-score,support
negative,0.6774193548387096,0.4883720930232558,0.5675675675675677,86.0
neutral,0.09090909090909091,0.625,0.15873015873015875,8.0
positive,0.64,0.4897959183673469,0.5549132947976878,98.0
accuracy,0.4947916666666667,0.4947916666666667,0.4947916666666667,0.4947916666666667
macro avg,0.46944281524926684,0.534389337130201,0.4270703403651381,192.0
weighted avg,0.6338819648093841,0.4947916666666667,0.5440737238063829,192.0
