,precision,recall,f1-score,support
negative,0.7142857142857143,0.46511627906976744,0.5633802816901409,86.0
neutral,0.038461538461538464,0.5,0.07142857142857144,8.0
positive,0.8125,0.2653061224489796,0.39999999999999997,98.0
accuracy,0.3645833333333333,0.3645833333333333,0.3645833333333333,0.3645833333333333
macro avg,0.5217490842490843,0.410140800506249,0.3449362843729041,192.0
weighted avg,0.736256581959707,0.3645833333333333,0.45949027498323264,192.0
