,precision,recall,f1-score,support
negative,0.803921568627451,0.47674418604651164,0.5985401459854015,86.0
neutral,0.07142857142857142,0.625,0.1282051282051282,8.0
positive,0.6619718309859155,0.47959183673469385,0.5562130177514792,98.0
accuracy,0.484375,0.484375,0.484375,0.484375
macro avg,0.5124406570139793,0.5271120075937351,0.4276527639806697,192.0
weighted avg,0.7009475151562973,0.484375,0.5573383818751589,192.0
