,precision,recall,f1-score,support
0,0.8409090909090909,0.8604651162790697,0.8505747126436781,86.0
1,0.0,0.0,0.0,8.0
2,0.8173076923076923,0.8673469387755102,0.8415841584158416,98.0
accuracy,0.828125,0.828125,0.828125,0.828125
macro avg,0.5527389277389277,0.5759373516848599,0.5640529570198399,192.0
weighted avg,0.793824664918415,0.828125,0.8105451708964,192.0
