,precision,recall,f1-score,support
negative,0.5333333333333333,0.7441860465116279,0.6213592233009709,86.0
neutral,0.0,0.0,0.0,8.0
positive,0.6290322580645161,0.3979591836734694,0.4875,98.0
accuracy,0.5364583333333334,0.5364583333333334,0.5364583333333334,0.5364583333333334
macro avg,0.3874551971326165,0.3807150767283658,0.36961974110032364,192.0
weighted avg,0.5599574372759857,0.5364583333333334,0.52714527710356,192.0
