,precision,recall,f1-score,support
negative,0.6379310344827587,0.43023255813953487,0.5138888888888888,86.0
neutral,0.04672897196261682,0.625,0.08695652173913043,8.0
positive,0.5555555555555556,0.15306122448979592,0.24,98.0
accuracy,0.296875,0.296875,0.296875,0.296875
macro avg,0.41340518733364373,0.4027645942097769,0.28028180354267307,192.0
weighted avg,0.5712517978419929,0.296875,0.35630258655394526,192.0
