,precision,recall,f1-score,support
negative,0.7083333333333334,0.3953488372093023,0.5074626865671642,86.0
neutral,0.029411764705882353,0.375,0.05454545454545454,8.0
positive,0.7380952380952381,0.3163265306122449,0.4428571428571429,98.0
accuracy,0.3541666666666667,0.3541666666666667,0.3541666666666667,0.3541666666666667
macro avg,0.4919467787114846,0.3622251226071824,0.3349550946565872,192.0
weighted avg,0.6952359068627452,0.3541666666666667,0.45561538896426956,192.0
