,precision,recall,f1-score,support
negative,0.7222222222222222,0.45348837209302323,0.557142857142857,86.0
neutral,0.03225806451612903,0.5,0.06060606060606061,8.0
positive,0.8571428571428571,0.12244897959183673,0.21428571428571427,98.0
accuracy,0.2864583333333333,0.2864583333333333,0.2864583333333333,0.2864583333333333
macro avg,0.5372077146270694,0.3586457838949533,0.27734487734487734,192.0
weighted avg,0.7623394563918757,0.2864583333333333,0.36145382395382386,192.0
