,precision,recall,f1-score,support
negative,0.3113207547169811,0.4074074074074074,0.3529411764705882,81.0
neutral,0.6731301939058172,0.5677570093457944,0.6159695817490495,428.0
positive,0.35874439461883406,0.4419889502762431,0.396039603960396,181.0
micro avg,0.5159420289855072,0.5159420289855072,0.5159420289855072,690.0
macro avg,0.4477317810805441,0.47238445567648163,0.4549834540600112,690.0
weighted avg,0.5481875935503974,0.5159420289855072,0.5274005573906412,690.0
accuracy,0.5159420289855072,0.5159420289855072,0.5159420289855072,0.5159420289855072
