,precision,recall,f1-score,support
0,0.7028072027597692,0.4332280248433384,0.5340150467206364,120.8
1,0.7739332856265854,0.9107184578524199,0.8367385270652352,573.8
2,0.6788539261049856,0.5407252189824606,0.6014519297825744,272.4
accuracy,0.7466445400215417,0.7466445400215417,0.7466445400215417,0.7466445400215417
macro avg,0.7185314714971135,0.6282239005594064,0.6574018345228152,967.0
weighted avg,0.7392090324018439,0.7466445400215417,0.73284359984832,967.0
