,precision,recall,f1-score,support
negative,0.2585952925801371,0.1920309197724685,0.2197488742367641,120.8
neutral,0.6503300561657607,0.42096986789664526,0.5110295202789537,573.8
positive,0.3454840347689356,0.6424269557645993,0.4488672154861949,272.4
accuracy,0.4546011546804848,0.4546011546804848,0.4546011546804848,0.4546011546804848
macro avg,0.4181364611716112,0.41847591447790433,0.393215203333971,967.0
weighted avg,0.5161201156055285,0.4546011546804848,0.45746305143761534,967.0
