,precision,recall,f1-score,support
negative,0.33244125295979987,0.3924947698749449,0.35813971846548853,120.8
neutral,0.6737134075372181,0.7214852258955374,0.6966420987411149,573.8
positive,0.43463015827030727,0.3341656235521278,0.376817702054345,272.4
accuracy,0.5712653035992576,0.5712653035992576,0.5712653035992576,0.5712653035992576
macro avg,0.4802616062557751,0.48271520644087007,0.47719983975364955,967.0
weighted avg,0.5640652726688569,0.5712653035992576,0.5644244917956535,967.0
