,precision,recall,f1-score,support
negative,0.40964678064599386,0.4246070135164325,0.4167636829526106,120.8
neutral,0.6626879481928599,0.8420450902550831,0.7415822664833216,573.8
positive,0.6046973572037511,0.2506666452374192,0.35310685697151245,272.4
micro avg,0.623159876267976,0.623159876267976,0.623159876267976,967.0
macro avg,0.559010695347535,0.5057729163363116,0.503817602135815,967.0
weighted avg,0.6147018355186915,0.623159876267976,0.5914380730555319,967.0
accuracy,0.623159876267976,0.623159876267976,0.623159876267976,0.623159876267976
