,precision,recall,f1-score,support
negative,0.5275890497049789,0.6693487437006667,0.5890750861454597,120.8
neutral,0.7588151908355358,0.8153888514403096,0.7859872447347872,573.8
positive,0.7000503996652855,0.5058536759982817,0.5870851456278744,272.4
accuracy,0.7102413349256683,0.7102413349256683,0.7102413349256683,0.7102413349256683
macro avg,0.6621515467352668,0.663530423713086,0.6540491588360405,967.0
weighted avg,0.7136820089023151,0.7102413349256683,0.7056901470792042,967.0
