,precision,recall,f1-score,support
negative,0.2268251377702614,0.4465354209390706,0.30064041982913836,120.8
neutral,0.6070328055632153,0.3600026952714169,0.451846338962471,573.8
positive,0.316861135738509,0.4528183364866547,0.3728256080365035,272.4
micro avg,0.39689620203848575,0.39689620203848575,0.39689620203848575,967.0
macro avg,0.3835730263573285,0.41978548423238077,0.37510412227603757,967.0
weighted avg,0.47778382861106455,0.39689620203848575,0.4107022550957624,967.0
accuracy,0.39689620203848575,0.39689620203848575,0.39689620203848575,0.39689620203848575
