,precision,recall,f1-score,support
0,0.7959952202351601,0.8327002581246404,0.8084692001689676,120.8
1,0.8699963259735813,0.9035903369873054,0.8860758925254437,573.8
2,0.8265196751736505,0.7336251085601356,0.775868570763625,272.4
accuracy,0.8473672765514981,0.8473672765514981,0.8473672765514981,0.8473672765514981
macro avg,0.8308370737941306,0.8233052345573604,0.8234712211526787,967.0
weighted avg,0.8486716790304536,0.8473672765514981,0.8457165452768554,967.0
