,precision,recall,f1-score,support
negative,0.2585952925801371,0.19203091977246842,0.2197488742367641,120.8
neutral,0.6503300561657607,0.42096986789664526,0.5110295202789537,573.8
positive,0.3454840347689355,0.6424269557645993,0.4488672154861949,272.4
accuracy,0.4546011546804847,0.4546011546804847,0.4546011546804847,0.4546011546804847
macro avg,0.4181364611716111,0.41847591447790433,0.3932152033339709,967.0
weighted avg,0.5161201156055284,0.4546011546804847,0.4574630514376154,967.0
