,precision,recall,f1-score,support
negative,0.1690419239202296,0.9063214243057935,0.28485730906506496,120.8
neutral,0.7261904761904762,0.0288845344811078,0.05548083465958444,573.8
positive,0.2903855239773673,0.31649227971214083,0.3028573103734179,272.4
accuracy,0.21964952674768004,0.21964952674768004,0.21964952674768004,0.21964952674768004
macro avg,0.3952059746960243,0.41723274616634737,0.21439848469935577,967.0
weighted avg,0.5344629260049079,0.21964952674768004,0.15401904256974172,967.0
