,precision,recall,f1-score,support
0,0.7936968150479824,0.8849468477891309,0.8327552127222845,120.8
1,0.8924286331092702,0.8717788704346727,0.880397314550925,573.8
2,0.8134059634949073,0.7946812367350464,0.8007361050300584,272.4
accuracy,0.8523373022587417,0.8523373022587417,0.8523373022587417,0.8523373022587417
macro avg,0.8331771372173866,0.8504689849862833,0.8379628774344227,967.0
weighted avg,0.8578149546400692,0.8523373022587417,0.8523106931116479,967.0
