,precision,recall,f1-score,support
negative,0.1690419239202296,0.9063214243057935,0.284857309065065,120.8
neutral,0.7261904761904762,0.028884534481107838,0.05548083465958448,573.8
positive,0.2903855239773673,0.3164922797121409,0.3028573103734179,272.4
accuracy,0.21964952674768007,0.21964952674768007,0.21964952674768007,0.21964952674768007
macro avg,0.39520597469602436,0.4172327461663475,0.2143984846993558,967.0
weighted avg,0.5344629260049079,0.21964952674768007,0.1540190425697418,967.0
