,precision,recall,f1-score,support
negative,0.43034778083493264,0.36581147480972587,0.394491282922312,120.8
neutral,0.7621592852172017,0.5837129045466873,0.6607410050873452,573.8
positive,0.4502186849877373,0.7011298563425055,0.547825949708066,272.4
accuracy,0.5896582122915369,0.5896582122915369,0.5896582122915369,0.5896582122915369
macro avg,0.5475752503466238,0.5502180785663063,0.5343527459059078,967.0
weighted avg,0.6332339746007136,0.5896582122915369,0.5959727225643359,967.0
