,precision,recall,f1-score,support
negative,0.37546518296518294,0.3449874526536416,0.3589063803822622,120.8
neutral,0.6254120544347537,0.41589228735431627,0.4994670958182107,573.8
positive,0.33964273568052816,0.593446668577162,0.43151162941184473,272.4
accuracy,0.4566672717114352,0.4566672717114352,0.4566672717114352,0.4566672717114352
macro avg,0.4468399910268216,0.45144213619504,0.42996170187077265,967.0
weighted avg,0.5143498542665764,0.4566672717114352,0.46302879082008913,967.0
