,precision,recall,f1-score,support
negative,0.5229077454127281,0.6681764770978166,0.586548316230075,120.8
neutral,0.7537728074064681,0.8162831501926086,0.7837146606886118,573.8
positive,0.697195001077354,0.4890734653331961,0.5743589172033345,272.4
micro avg,0.705484346603239,0.705484346603239,0.705484346603239,967.0
macro avg,0.6579585179655167,0.6578443642078736,0.6482072980406738,967.0
weighted avg,0.7090132022211939,0.705484346603239,0.7000564237155277,967.0
accuracy,0.705484346603239,0.705484346603239,0.705484346603239,0.705484346603239
