,precision,recall,f1-score,support
negative,0.72,0.6666666666666666,0.6923076923076923,27.0
neutral,0.058823529411764705,0.75,0.10909090909090909,4.0
positive,0.9090909090909091,0.17857142857142858,0.2985074626865672,56.0
accuracy,0.3563218390804598,0.3563218390804598,0.3563218390804598,0.3563218390804598
macro avg,0.5626381461675579,0.5317460317460317,0.3666353546950562,87.0
weighted avg,0.8113147704222754,0.3563218390804598,0.4120125199898746,87.0
