,precision,recall,f1-score,support
negative,0.782608695652174,0.6666666666666666,0.72,27.0
neutral,0.058823529411764705,0.75,0.10909090909090909,4.0
positive,0.9230769230769231,0.21428571428571427,0.34782608695652173,56.0
accuracy,0.3793103448275862,0.3793103448275862,0.3793103448275862,0.3793103448275862
macro avg,0.5881697160469539,0.5436507936507936,0.39230566534914363,87.0
weighted avg,0.8397475470409591,0.3793103448275862,0.4523520058152742,87.0
