,precision,recall,f1-score,support
negative,0.6086956521739131,0.5185185185185185,0.5599999999999999,27.0
neutral,0.05172413793103448,0.75,0.0967741935483871,4.0
positive,0.8333333333333334,0.08928571428571429,0.16129032258064516,56.0
accuracy,0.25287356321839083,0.25287356321839083,0.25287356321839083,0.25287356321839083
macro avg,0.4979177078127603,0.45260141093474426,0.2726881720430107,87.0
weighted avg,0.7276821359435226,0.25287356321839083,0.2820615498702262,87.0
