,precision,recall,f1-score,support
negative,0.7391304347826086,0.6296296296296297,0.68,27.0
neutral,0.05172413793103448,0.75,0.0967741935483871,4.0
positive,0.8333333333333334,0.08928571428571429,0.16129032258064516,56.0
accuracy,0.28735632183908044,0.28735632183908044,0.28735632183908044,0.28735632183908044
macro avg,0.5413959686823255,0.4896384479717813,0.31268817204301075,87.0
weighted avg,0.7681618960634626,0.28735632183908044,0.319302929180571,87.0
