,precision,recall,f1-score,support
negative,0.625,0.37037037037037035,0.4651162790697674,27.0
neutral,0.05263157894736842,0.5,0.09523809523809525,4.0
positive,0.7272727272727273,0.42857142857142855,0.5393258426966292,56.0
accuracy,0.41379310344827586,0.41379310344827586,0.41379310344827586,0.41379310344827586
macro avg,0.46830143540669855,0.43298059964726626,0.3665600723348306,87.0
weighted avg,0.6645149315294505,0.41379310344827586,0.4958774609982452,87.0
