,precision,recall,f1-score,support
negative,0.6666666666666666,0.07407407407407407,0.13333333333333333,27.0
neutral,0.06451612903225806,1.0,0.12121212121212122,4.0
positive,0.7272727272727273,0.2857142857142857,0.4102564102564102,56.0
accuracy,0.25287356321839083,0.25287356321839083,0.25287356321839083,0.25287356321839083
macro avg,0.4861518409905507,0.45326278659611985,0.22160062160062158,87.0
weighted avg,0.6779923821080662,0.25287356321839083,0.3110253730943386,87.0
