,precision,recall,f1-score,support
negative,0.3,0.2222222222222222,0.25531914893617025,27.0
neutral,0.05128205128205128,0.5,0.09302325581395347,4.0
positive,0.6428571428571429,0.32142857142857145,0.4285714285714286,56.0
accuracy,0.2988505747126437,0.2988505747126437,0.2988505747126437,0.2988505747126437
macro avg,0.33137973137973137,0.3478835978835979,0.2589712777738508,87.0
weighted avg,0.5092543471853817,0.2988505747126437,0.35937597752336103,87.0
