,precision,recall,f1-score,support
0,0.6842105263157895,0.48148148148148145,0.5652173913043478,27.0
1,0.0,0.0,0.0,4.0
2,0.75,0.9107142857142857,0.8225806451612904,56.0
accuracy,0.735632183908046,0.735632183908046,0.735632183908046,0.735632183908046
macro avg,0.4780701754385965,0.4640652557319224,0.46259934548854603,87.0
weighted avg,0.6950998185117967,0.735632183908046,0.7048894907385018,87.0
