,precision,recall,f1-score,support
0,0.47058823529411764,0.5925925925925926,0.5245901639344261,27.0
1,0.0,0.0,0.0,4.0
2,0.7547169811320755,0.7142857142857143,0.7339449541284405,56.0
accuracy,0.6436781609195402,0.6436781609195402,0.6436781609195402,0.6436781609195402
macro avg,0.40843507214206437,0.435626102292769,0.4195117060209556,87.0
weighted avg,0.631839463176292,0.6436781609195402,0.6352281822692204,87.0
