,precision,recall,f1-score,support
negative,0.6923076923076923,0.3333333333333333,0.45,27.0
neutral,0.06521739130434782,0.75,0.12,4.0
positive,0.75,0.375,0.5,56.0
accuracy,0.3793103448275862,0.3793103448275862,0.3793103448275862,0.3793103448275862
macro avg,0.5025083612040134,0.4861111111111111,0.3566666666666667,87.0
weighted avg,0.700611232845116,0.3793103448275862,0.4670114942528736,87.0
