,precision,recall,f1-score,support
negative,0.5294117647058824,0.3333333333333333,0.409090909090909,27.0
neutral,0.0625,0.75,0.11538461538461539,4.0
positive,0.9545454545454546,0.375,0.5384615384615384,56.0
accuracy,0.3793103448275862,0.3793103448275862,0.3793103448275862,0.3793103448275862
macro avg,0.5154857397504456,0.4861111111111111,0.3543123543123543,87.0
weighted avg,0.7815938287540721,0.3793103448275862,0.47886022023953057,87.0
