,precision,recall,f1-score,support
0,0.0,0.0,0.0,27.0
1,0.0,0.0,0.0,4.0
2,0.6436781609195402,1.0,0.7832167832167831,56.0
accuracy,0.6436781609195402,0.6436781609195402,0.6436781609195402,0.6436781609195402
macro avg,0.21455938697318008,0.3333333333333333,0.26107226107226106,87.0
weighted avg,0.4143215748447615,0.6436781609195402,0.5041395386222972,87.0
