,precision,recall,f1-score,support
negative,0.34,0.6296296296296297,0.4415584415584416,27.0
neutral,0.0,0.0,0.0,4.0
positive,0.6764705882352942,0.4107142857142857,0.5111111111111111,56.0
accuracy,0.45977011494252873,0.45977011494252873,0.45977011494252873,0.45977011494252873
macro avg,0.33882352941176475,0.34678130511463845,0.31755651755651754,87.0
weighted avg,0.540946585530764,0.45977011494252873,0.46602643844023156,87.0
