,precision,recall,f1-score,support
negative,0.375,0.1111111111111111,0.17142857142857143,27.0
neutral,0.06976744186046512,0.75,0.1276595744680851,4.0
positive,0.7222222222222222,0.4642857142857143,0.5652173913043479,56.0
accuracy,0.367816091954023,0.367816091954023,0.367816091954023,0.367816091954023
macro avg,0.3889965546942291,0.44179894179894186,0.28810184573366815,87.0
weighted avg,0.5844656805963943,0.367816091954023,0.4228894671205431,87.0
