,precision,recall,f1-score,support
negative,0.5689655172413793,0.7252747252747253,0.6376811594202899,91.0
neutral,0.7947019867549668,0.8737864077669902,0.8323699421965317,412.0
positive,0.7916666666666666,0.510752688172043,0.6209150326797386,186.0
micro avg,0.7561683599419449,0.7561683599419449,0.7561683599419449,689.0
macro avg,0.7184447235543376,0.7032712737379194,0.6969887114321868,689.0
weighted avg,0.7640683318026297,0.7561683599419449,0.7495727108427415,689.0
accuracy,0.7561683599419449,0.7561683599419449,0.7561683599419449,0.7561683599419449
