,precision,recall,f1-score,support
0,0.8918918918918919,0.8918918918918919,0.8918918918918919,111.0
1,0.9490740740740741,0.835030549898167,0.8884073672806067,491.0
2,0.7516778523489933,0.9372384937238494,0.8342644320297952,239.0
accuracy,0.8715814506539834,0.8715814506539834,0.8715814506539834,0.8715814506539834
macro avg,0.8642146061049866,0.8880536451713027,0.8715212304007646,841.0
weighted avg,0.8854296992648988,0.8715814506539834,0.8734806380379297,841.0
