,precision,recall,f1-score,support
negative,0.2857142857142857,0.40404040404040403,0.3347280334728033,99.0
neutral,0.6642156862745098,0.5398406374501992,0.5956043956043956,502.0
positive,0.3720136518771331,0.45416666666666666,0.4090056285178236,240.0
micro avg,0.4994054696789536,0.4994054696789536,0.4994054696789536,841.0
macro avg,0.4406478746219762,0.46601590271908994,0.4464460191983408,841.0
weighted avg,0.5362726102806542,0.4994054696789536,0.5116442719993958,841.0
accuracy,0.4994054696789536,0.4994054696789536,0.4994054696789536,0.4994054696789536
