,precision,recall,f1-score,support
negative,0.2926829268292683,0.32432432432432434,0.30769230769230765,111.0
neutral,0.6610169491525424,0.714867617107943,0.6868884540117418,491.0
positive,0.43315508021390375,0.3389121338912134,0.38028169014084506,239.0
accuracy,0.5564803804994055,0.5564803804994055,0.5564803804994055,0.5564803804994055
macro avg,0.4622849853985715,0.4593680251078269,0.45828748394829816,841.0
weighted avg,0.5476470761986564,0.5564803804994055,0.5497067788552595,841.0
