,precision,recall,f1-score,support
0,0.8512396694214877,0.9279279279279279,0.8879310344827588,111.0
1,0.95662100456621,0.8533604887983707,0.9020452099031215,491.0
2,0.7943262411347518,0.9372384937238494,0.8598848368522073,239.0
accuracy,0.8870392390011891,0.8870392390011891,0.8870392390011891,0.8870392390011891
macro avg,0.8673956383741498,0.906175636816716,0.8832870270793625,841.0
weighted avg,0.8965903545529131,0.8870392390011891,0.8882009737190208,841.0
