,precision,recall,f1-score,support
negative,0.17525773195876287,0.918918918918919,0.2943722943722944,111.0
neutral,0.7391304347826086,0.034623217922606926,0.06614785992217899,491.0
positive,0.2966101694915254,0.2928870292887029,0.29473684210526313,239.0
accuracy,0.22473246135552913,0.22473246135552913,0.22473246135552913,0.22473246135552913
macro avg,0.40366611207763237,0.41547638871007625,0.2184189987999122,841.0
weighted avg,0.5389494437980477,0.22473246135552913,0.16123190149854036,841.0
