,precision,recall,f1-score,support
negative,0.21739130434782608,0.13513513513513514,0.16666666666666666,111.0
neutral,0.6189024390243902,0.4134419551934827,0.49572649572649574,491.0
positive,0.3490990990990991,0.6485355648535565,0.4538799414348462,239.0
accuracy,0.44351961950059454,0.44351961950059454,0.44351961950059454,0.44351961950059454
macro avg,0.3951309474904385,0.3990375517273914,0.3720910346093362,841.0
weighted avg,0.4892345030062651,0.44351961950059454,0.44040310987471776,841.0
