,precision,recall,f1-score,support
0,0.7058823529411765,0.43243243243243246,0.5363128491620112,111.0
1,0.7850953206239168,0.9226069246435845,0.8483146067415731,491.0
2,0.7142857142857143,0.5857740585774058,0.6436781609195401,239.0
accuracy,0.7621878715814506,0.7621878715814506,0.7621878715814506,0.7621878715814506
macro avg,0.7350877959502693,0.6469378052178075,0.6761018722743749,841.0
weighted avg,0.7545172762391195,0.7621878715814506,0.7489801172733243,841.0
