,precision,recall,f1-score,support
negative,0.40540540540540543,0.30303030303030304,0.34682080924855496,99.0
neutral,0.7739130434782608,0.5318725099601593,0.6304604486422668,502.0
positive,0.4099526066350711,0.7208333333333333,0.5226586102719033,240.0
micro avg,0.558858501783591,0.558858501783591,0.558858501783591,841.0
macro avg,0.5297570185062458,0.5185787154412652,0.4999799560542417,841.0
weighted avg,0.6266683811577161,0.558858501783591,0.5663073386436167,841.0
accuracy,0.558858501783591,0.558858501783591,0.558858501783591,0.558858501783591
