,precision,recall,f1-score,support
negative,0.5517241379310345,0.7207207207207207,0.625,111.0
neutral,0.7757009345794392,0.845213849287169,0.8089668615984406,491.0
positive,0.7763975155279503,0.5230125523012552,0.625,239.0
accuracy,0.737217598097503,0.737217598097503,0.737217598097503,0.737217598097503
macro avg,0.701274196012808,0.6963157074363817,0.6863222871994802,841.0
weighted avg,0.746337151486361,0.737217598097503,0.7324051474968304,841.0
