,precision,recall,f1-score,support
negative,0.35353535353535354,0.3153153153153153,0.33333333333333337,111.0
neutral,0.591044776119403,0.40325865580448067,0.4794188861985472,491.0
positive,0.3415233415233415,0.5815899581589958,0.4303405572755418,239.0
accuracy,0.4423305588585018,0.4423305588585018,0.4423305588585018,0.4423305588585018
macro avg,0.428701157059366,0.433387976426264,0.4143642589358075,841.0
weighted avg,0.4887865492760163,0.4423305588585018,0.44619032855212987,841.0
