,precision,recall,f1-score,support
negative,0.45054945054945056,0.36936936936936937,0.40594059405940597,111.0
neutral,0.7873417721518987,0.6334012219959266,0.7020316027088036,491.0
positive,0.49295774647887325,0.7322175732217573,0.5892255892255892,239.0
accuracy,0.6266349583828775,0.6266349583828775,0.6266349583828775,0.6266349583828775
macro avg,0.5769496563934075,0.5783293881956845,0.5657325953312662,841.0
weighted avg,0.6592303216956267,0.6266349583828775,0.63089398180206,841.0
