,precision,recall,f1-score,support
negative,0.42,0.4827586206896552,0.4491978609625668,87.0
neutral,0.6984732824427481,0.8551401869158879,0.7689075630252101,428.0
positive,0.5692307692307692,0.21264367816091953,0.30962343096234307,174.0
micro avg,0.6458635703918723,0.6458635703918723,0.6458635703918723,689.0
macro avg,0.5625680172245058,0.5168474952554876,0.50924295165004,689.0
weighted avg,0.6306715801620465,0.6458635703918723,0.6125502581509157,689.0
accuracy,0.6458635703918723,0.6458635703918723,0.6458635703918723,0.6458635703918723
