,precision,recall,f1-score,support
negative,0.2620320855614973,0.5632183908045977,0.3576642335766423,87.0
neutral,0.669260700389105,0.40186915887850466,0.5021897810218978,428.0
positive,0.2897959183673469,0.40804597701149425,0.33890214797136037,174.0
micro avg,0.42380261248185774,0.42380261248185774,0.42380261248185774,689.0
macro avg,0.40702956810598306,0.4577111755648655,0.39958538752330014,689.0
weighted avg,0.5220099579191664,0.42380261248185774,0.44270390180777486,689.0
accuracy,0.42380261248185774,0.42380261248185774,0.42380261248185774,0.42380261248185774
