,precision,recall,f1-score,support
negative,0.1956521739130435,0.15254237288135594,0.17142857142857146,59.0
neutral,0.703125,0.4838709677419355,0.5732484076433121,279.0
positive,0.3145539906103286,0.5929203539823009,0.4110429447852761,113.0
accuracy,0.4678492239467849,0.4678492239467849,0.4678492239467849,0.4678492239467849
macro avg,0.4044437215077907,0.4097778982018641,0.3852399746190532,451.0
weighted avg,0.5393790558754694,0.4678492239467849,0.48004089624724167,451.0
