,precision,recall,f1-score,support
negative,0.32786885245901637,0.3389830508474576,0.3333333333333333,59.0
neutral,0.6649484536082474,0.46236559139784944,0.5454545454545454,279.0
positive,0.29591836734693877,0.5132743362831859,0.3754045307443366,113.0
accuracy,0.458980044345898,0.458980044345898,0.458980044345898,0.458980044345898
macro avg,0.4295785578047342,0.43820765950949764,0.4180641365107384,451.0
weighted avg,0.5283894819556254,0.458980044345898,0.47509799738934555,451.0
