,precision,recall,f1-score,support
negative,0.5844155844155844,0.7627118644067796,0.6617647058823529,59.0
neutral,0.8650519031141869,0.8960573476702509,0.8802816901408451,279.0
positive,0.8470588235294118,0.6371681415929203,0.7272727272727273,113.0
accuracy,0.8137472283813747,0.8137472283813747,0.8137472283813747,0.8137472283813747
macro avg,0.765508770353061,0.765312451223317,0.7564397077653084,451.0
weighted avg,0.8238307040093152,0.8137472283813747,0.8133581538318687,451.0
