,precision,recall,f1-score,support
0,0.7105263157894737,0.4576271186440678,0.5567010309278351,59.0
1,0.9517241379310345,0.989247311827957,0.9701230228471002,279.0
2,0.7560975609756098,0.8230088495575221,0.788135593220339,113.0
accuracy,0.8780487804878049,0.8780487804878049,0.8780487804878049,0.8780487804878049
macro avg,0.806116004898706,0.7566277600098491,0.7716532156650914,451.0
weighted avg,0.8711554578815554,0.8780487804878049,0.8704412555055022,451.0
