,precision,recall,f1-score,support
0,0.8870967741935484,0.9322033898305084,0.9090909090909092,59.0
1,0.9752650176678446,0.989247311827957,0.9822064056939501,279.0
2,0.9716981132075472,0.911504424778761,0.9406392694063926,113.0
accuracy,0.9623059866962306,0.9623059866962306,0.9623059866962306,0.9623059866962306
macro avg,0.94468663502298,0.9443183754790755,0.943978861397084,451.0
weighted avg,0.962837109532596,0.9623059866962306,0.962226581525273,451.0
