,precision,recall,f1-score,support
negative,0.264,0.532258064516129,0.35294117647058826,62.0
neutral,0.6707317073170732,0.38596491228070173,0.48997772828507796,285.0
positive,0.21604938271604937,0.33653846153846156,0.26315789473684215,104.0
micro avg,0.3946784922394678,0.3946784922394678,0.3946784922394679,451.0
macro avg,0.38359369667770754,0.41825381277843077,0.3686922664975028,451.0
weighted avg,0.5099682314586141,0.3946784922394678,0.4188346486808321,451.0
accuracy,0.3946784922394678,0.3946784922394678,0.3946784922394678,0.3946784922394678
