,precision,recall,f1-score,support
negative,0.39655172413793105,0.3898305084745763,0.39316239316239315,59.0
neutral,0.8340425531914893,0.7025089605734767,0.7626459143968872,279.0
positive,0.46835443037974683,0.6548672566371682,0.5461254612546126,113.0
accuracy,0.6496674057649667,0.6496674057649667,0.6496674057649667,0.6496674057649667
macro avg,0.5663162359030557,0.5824022418950737,0.5673112562712976,451.0
weighted avg,0.6851850880210085,0.6496674057649667,0.6600597969735785,451.0
