,precision,recall,f1-score,support
negative,0.2753623188405797,0.3220338983050847,0.29687500000000006,59.0
neutral,0.7509025270758123,0.7455197132616488,0.748201438848921,279.0
positive,0.42857142857142855,0.39823008849557523,0.41284403669724773,113.0
accuracy,0.6031042128603105,0.6031042128603105,0.6031042128603105,0.6031042128603105
macro avg,0.4849454248292735,0.4885945666874362,0.4859734918487229,451.0
weighted avg,0.6079307168388409,0.6031042128603105,0.6051334868861151,451.0
