,precision,recall,f1-score,support
negative,0.6933333333333334,0.8387096774193549,0.7591240875912408,62.0
neutral,0.8624161073825504,0.9017543859649123,0.8816466552315609,285.0
positive,0.8333333333333334,0.625,0.7142857142857143,104.0
micro avg,0.8292682926829268,0.8292682926829268,0.8292682926829268,451.0
macro avg,0.7963609246830724,0.788488021128089,0.7850188190361721,451.0
weighted avg,0.8324654632757433,0.8292682926829268,0.826209987710346,451.0
accuracy,0.8292682926829268,0.8292682926829268,0.8292682926829268,0.8292682926829268
