,precision,recall,f1-score,support
negative,0.17757009345794392,0.9661016949152542,0.3,59.0
neutral,1.0,0.025089605734767026,0.04895104895104896,279.0
positive,0.15447154471544716,0.168141592920354,0.1610169491525424,113.0
accuracy,0.18403547671840353,0.18403547671840353,0.18403547671840353,0.18403547671840353
macro avg,0.44401387939113035,0.38644429785679174,0.16998933270119712,451.0
weighted avg,0.6805585810795216,0.18403547671840353,0.10987196876181807,451.0
