,precision,recall,f1-score,support
negative,0.5094339622641509,0.43548387096774194,0.46956521739130436,62.0
neutral,0.7016129032258065,0.9157894736842105,0.7945205479452054,285.0
positive,0.6538461538461539,0.16346153846153846,0.26153846153846155,104.0
micro avg,0.6762749445676275,0.6762749445676275,0.6762749445676275,451.0
macro avg,0.6216310064453704,0.504911627704497,0.5085414089583238,451.0
weighted avg,0.6641786764517343,0.6762749445676275,0.6269432364581916,451.0
accuracy,0.6762749445676275,0.6762749445676275,0.6762749445676275,0.6762749445676275
