,precision,recall,f1-score,support
0,0.5945945945945946,0.3728813559322034,0.45833333333333337,59.0
1,0.8870431893687708,0.956989247311828,0.9206896551724139,279.0
2,0.6991150442477876,0.6991150442477876,0.6991150442477876,113.0
accuracy,0.8159645232815964,0.8159645232815964,0.8159645232815964,0.8159645232815964
macro avg,0.7269176094037176,0.6763285491639396,0.6927126775845117,451.0
weighted avg,0.8016987381706611,0.8159645232815964,0.8046875398221068,451.0
