,precision,recall,f1-score,support
negative,0.8421052631578947,0.5783132530120482,0.6857142857142856,83.0
neutral,0.03076923076923077,0.6666666666666666,0.05882352941176471,3.0
positive,0.7428571428571429,0.49056603773584906,0.5909090909090909,106.0
accuracy,0.53125,0.53125,0.53125,0.53125
macro avg,0.5385772122614227,0.5785153191381879,0.44514896867838044,192.0
weighted avg,0.7746349045691151,0.53125,0.6235787496816908,192.0
