,precision,recall,f1-score,support
negative,0.7931034482758621,0.5542168674698795,0.652482269503546,83.0
neutral,0.028846153846153848,1.0,0.05607476635514019,3.0
positive,0.8666666666666667,0.24528301886792453,0.3823529411764706,106.0
accuracy,0.390625,0.390625,0.390625,0.390625
macro avg,0.5628720895962275,0.5998332954459347,0.363636659011719,192.0
weighted avg,0.8217749548703214,0.390625,0.494029502252946,192.0
