,precision,recall,f1-score,support
negative,0.5078125,0.7831325301204819,0.6161137440758294,83.0
neutral,0.0,0.0,0.0,3.0
positive,0.7592592592592593,0.3867924528301887,0.5125,106.0
accuracy,0.5520833333333334,0.5520833333333334,0.5520833333333334,0.5520833333333334
macro avg,0.42235725308641975,0.3899749943168902,0.37620458135860985,192.0
weighted avg,0.6386974946952161,0.5520833333333334,0.5492835456161137,192.0
