,precision,recall,f1-score,support
negative,0.8301886792452831,0.5301204819277109,0.6470588235294118,83.0
neutral,0.025210084033613446,1.0,0.049180327868852465,3.0
positive,0.85,0.16037735849056603,0.2698412698412698,106.0
accuracy,0.3333333333333333,0.3333333333333333,0.3333333333333333,0.3333333333333333
macro avg,0.5684662544262988,0.5634992801394256,0.3220268070798447,192.0
weighted avg,0.8285483886951006,0.3333333333333333,0.42946144760272054,192.0
