,precision,recall,f1-score,support
negative,0.8214285714285714,0.5542168674698795,0.6618705035971223,83.0
neutral,0.030927835051546393,1.0,0.06000000000000001,3.0
positive,0.8205128205128205,0.3018867924528302,0.4413793103448276,106.0
accuracy,0.421875,0.421875,0.421875,0.421875
macro avg,0.5576230756643127,0.6187012199742365,0.38774993798064994,192.0
weighted avg,0.8085714266046097,0.421875,0.5307367640370462,192.0
