,precision,recall,f1-score,support
negative,0.6857142857142857,0.2891566265060241,0.40677966101694907,83.0
neutral,0.03488372093023256,1.0,0.06741573033707865,3.0
positive,0.676056338028169,0.4528301886792453,0.5423728813559322,106.0
accuracy,0.390625,0.390625,0.390625,0.390625
macro avg,0.46555144822422906,0.5806622717284231,0.33885609090332,192.0
weighted avg,0.6702130661878246,0.390625,0.4763358566622231,192.0
