,precision,recall,f1-score,support
negative,0.7213114754098361,0.5301204819277109,0.6111111111111112,83.0
neutral,0.02830188679245283,1.0,0.055045871559633024,3.0
positive,0.76,0.1792452830188679,0.2900763358778626,106.0
accuracy,0.34375,0.34375,0.34375,0.34375
macro avg,0.5032044540674296,0.5697885883155263,0.31874443951620224,192.0
weighted avg,0.7318424902051758,0.34375,0.42518464291642993,192.0
