,precision,recall,f1-score,support
negative,0.7049180327868853,0.5180722891566265,0.5972222222222223,83.0
neutral,0.04054054054054054,1.0,0.07792207792207792,3.0
positive,0.7719298245614035,0.41509433962264153,0.5398773006134969,106.0
accuracy,0.46875,0.46875,0.46875,0.46875
macro avg,0.5057961326296098,0.644388876259756,0.40500720025259906,192.0
weighted avg,0.7315332278460515,0.46875,0.5574489819960488,192.0
