,precision,recall,f1-score,support
negative,0.6521739130434783,0.3614457831325301,0.4651162790697674,83.0
neutral,0.03125,1.0,0.06060606060606061,3.0
positive,0.72,0.33962264150943394,0.4615384615384615,106.0
accuracy,0.359375,0.359375,0.359375,0.359375
macro avg,0.46780797101449273,0.567022808213988,0.32908693373809644,192.0
weighted avg,0.6799176290760869,0.359375,0.4568205534775302,192.0
