,precision,recall,f1-score,support
negative,0.7719298245614035,0.5301204819277109,0.6285714285714286,83.0
neutral,0.014084507042253521,0.3333333333333333,0.027027027027027032,3.0
positive,0.71875,0.4339622641509434,0.5411764705882353,106.0
accuracy,0.4739583333333333,0.4739583333333333,0.4739583333333333,0.4739583333333333
macro avg,0.5015881105345523,0.4324720264706626,0.39892497539556365,192.0
weighted avg,0.7307287966652254,0.4739583333333333,0.5709229975774094,192.0
