,precision,recall,f1-score,support
negative,1.0,0.18072289156626506,0.30612244897959184,83.0
neutral,0.022900763358778626,1.0,0.04477611940298508,3.0
positive,0.7391304347826086,0.32075471698113206,0.4473684210526316,106.0
accuracy,0.2708333333333333,0.2708333333333333,0.2708333333333333,0.2708333333333333
macro avg,0.5873437327137957,0.5004925361824657,0.26608899647840284,192.0
weighted avg,0.8407110852970461,0.2708333333333333,0.380018459661948,192.0
