,precision,recall,f1-score,support
0,0.696078431372549,0.8554216867469879,0.7675675675675676,83.0
1,0.0,0.0,0.0,3.0
2,0.8444444444444444,0.7169811320754716,0.7755102040816326,106.0
accuracy,0.765625,0.765625,0.765625,0.765625
macro avg,0.5135076252723311,0.5241342729408198,0.5143592572164001,192.0
weighted avg,0.7671126089324618,0.765625,0.7599593215664644,192.0
