,precision,recall,f1-score,support
negative,0.2682926829268293,0.35772357723577236,0.3066202090592335,123.0
neutral,0.6008583690987125,0.48695652173913045,0.5379442843419789,575.0
positive,0.3353115727002967,0.4200743494423792,0.3729372937293729,269.0
micro avg,0.45191313340227507,0.45191313340227507,0.45191313340227507,967.0
macro avg,0.4014875415752795,0.421584816139094,0.40583392904352844,967.0
weighted avg,0.4846870478677761,0.45191313340227507,0.4626188016795501,967.0
accuracy,0.45191313340227507,0.45191313340227507,0.45191313340227507,0.45191313340227507
