,precision,recall,f1-score,support
negative,0.6956521739130435,0.4050632911392405,0.512,79.0
neutral,0.03278688524590164,0.8,0.06299212598425197,5.0
positive,0.625,0.1388888888888889,0.2272727272727273,108.0
accuracy,0.265625,0.265625,0.265625,0.265625
macro avg,0.45114635305298173,0.44798406000937646,0.2674216177523264,192.0
weighted avg,0.638648209194583,0.265625,0.34014799570508236,192.0
