,precision,recall,f1-score,support
0,0.8271604938271605,0.8481012658227848,0.8374999999999999,79.0
1,0.0,0.0,0.0,5.0
2,0.8468468468468469,0.8703703703703703,0.8584474885844748,108.0
accuracy,0.8385416666666666,0.8385416666666666,0.8385416666666666,0.8385416666666666
macro avg,0.5580024468913357,0.5728238787310517,0.5653158295281583,192.0
weighted avg,0.8166934295406518,0.8385416666666666,0.8274730664954338,192.0
