,precision,recall,f1-score,support
negative,0.6451612903225806,0.25316455696202533,0.36363636363636365,79.0
neutral,0.03529411764705882,0.6,0.06666666666666667,5.0
positive,0.6447368421052632,0.4537037037037037,0.5326086956521738,108.0
accuracy,0.375,0.375,0.375,0.375
macro avg,0.4417307500249675,0.43562275355524305,0.3209705753184014,192.0
weighted avg,0.6290405805785811,0.375,0.450949714536671,192.0
