,precision,recall,f1-score,support
negative,0.8125,0.4936708860759494,0.6141732283464567,79.0
neutral,0.045454545454545456,0.8,0.08602150537634409,5.0
positive,0.7321428571428571,0.37962962962962965,0.5,108.0
accuracy,0.4375,0.4375,0.4375,0.4375
macro avg,0.5300324675324676,0.5577668385685263,0.40006491124093363,192.0
weighted avg,0.7473239650974026,0.4375,0.5361968362825614,192.0
