,precision,recall,f1-score,support
negative,0.7045454545454546,0.3924050632911392,0.5040650406504066,79.0
neutral,0.04040404040404041,0.8,0.07692307692307693,5.0
positive,0.8367346938775511,0.37962962962962965,0.5222929936305734,108.0
accuracy,0.3958333333333333,0.3958333333333333,0.3958333333333333,0.3958333333333333
macro avg,0.5272280629423487,0.5240115643069231,0.3677603704013523,192.0
weighted avg,0.7616065523431595,0.3958333333333333,0.5031947755630178,192.0
