,precision,recall,f1-score,support
negative,0.8181818181818182,0.45569620253164556,0.5853658536585367,79.0
neutral,0.03676470588235294,1.0,0.07092198581560283,5.0
positive,0.75,0.08333333333333333,0.15,108.0
accuracy,0.2604166666666667,0.2604166666666667,0.2604166666666667,0.2604166666666667
macro avg,0.5349821746880571,0.5130098452883263,0.2687626131580465,192.0
weighted avg,0.7594801414884135,0.2604166666666667,0.3270755852505334,192.0
