,precision,recall,f1-score,support
negative,0.6111111111111112,0.13924050632911392,0.2268041237113402,79.0
neutral,0.02877697841726619,0.8,0.05555555555555556,5.0
positive,0.6571428571428571,0.21296296296296297,0.3216783216783217,108.0
accuracy,0.19791666666666666,0.19791666666666666,0.19791666666666666,0.19791666666666666
macro avg,0.43234364889041155,0.38406782309735893,0.20134600031507252,192.0
weighted avg,0.6218390168817328,0.19791666666666666,0.27571126193871043,192.0
