,precision,recall,f1-score,support
negative,0.5333333333333333,0.4050632911392405,0.46043165467625896,79.0
neutral,0.043478260869565216,0.8,0.08247422680412371,5.0
positive,0.625,0.23148148148148148,0.33783783783783783,108.0
accuracy,0.3177083333333333,0.3177083333333333,0.3177083333333333,0.3177083333333333
macro avg,0.40060386473429954,0.47884825754024063,0.29358123977274014,192.0
weighted avg,0.5721391908212561,0.3177083333333333,0.3816299913538102,192.0
