,precision,recall,f1-score,support
0,1.0,0.21518987341772153,0.3541666666666667,79.0
1,0.0,0.0,0.0,5.0
2,0.6171428571428571,1.0,0.7632508833922261,108.0
accuracy,0.6510416666666666,0.6510416666666666,0.6510416666666666,0.6510416666666666
macro avg,0.539047619047619,0.4050632911392405,0.3724725166862976,192.0
weighted avg,0.7586011904761905,0.6510416666666666,0.5750534482970161,192.0
