,precision,recall,f1-score,support
negative,0.8444444444444444,0.4810126582278481,0.6129032258064516,79.0
neutral,0.0423728813559322,1.0,0.0813008130081301,5.0
positive,0.8620689655172413,0.23148148148148148,0.3649635036496351,108.0
accuracy,0.3541666666666667,0.3541666666666667,0.3541666666666667,0.3541666666666667
macro avg,0.5829620971058727,0.5708313799031098,0.3530558474880723,192.0
weighted avg,0.8334709572591293,0.3541666666666667,0.45959331925995267,192.0
