,precision,recall,f1-score,support
negative,0.7346938775510204,0.45569620253164556,0.5624999999999999,79.0
neutral,0.05063291139240506,0.8,0.09523809523809523,5.0
positive,0.6875,0.4074074074074074,0.5116279069767441,108.0
accuracy,0.4375,0.4375,0.4375,0.4375
macro avg,0.4909422629811419,0.5543678699796843,0.3897886674049464,192.0
weighted avg,0.6903332337681909,0.4375,0.5217161689045772,192.0
