,precision,recall,f1-score,support
negative,0.44715447154471544,0.6962025316455697,0.5445544554455446,79.0
neutral,0.0,0.0,0.0,5.0
positive,0.6557377049180327,0.37037037037037035,0.47337278106508873,108.0
accuracy,0.4947916666666667,0.4947916666666667,0.4947916666666667,0.4947916666666667
macro avg,0.36763072548758274,0.35552430067198,0.3393090788368778,192.0
weighted avg,0.5528378926207295,0.4947916666666667,0.4903336579959771,192.0
