,precision,recall,f1-score,support
negative,0.8043478260869565,0.46835443037974683,0.592,79.0
neutral,0.04,1.0,0.07692307692307693,5.0
positive,0.8095238095238095,0.1574074074074074,0.26356589147286824,108.0
accuracy,0.3072916666666667,0.3072916666666667,0.3072916666666667,0.3072916666666667
macro avg,0.5512905452035887,0.5419206125957181,0.3108296561319817,192.0
weighted avg,0.7873544254658386,0.3072916666666667,0.3938423524150269,192.0
