,precision,recall,f1-score,support
negative,0.3257733885297462,0.4532987152629893,0.3757808364003535,84.0
neutral,0.6704770087433705,0.5522395103563488,0.6053156559101753,428.0
positive,0.33419146805266975,0.41371748204721215,0.3695712042076832,177.4
micro avg,0.5039149365810563,0.5039149365810563,0.5039149365810563,689.4
macro avg,0.44348062177526204,0.47308523588885015,0.4502225655060707,689.4
weighted avg,0.5426334285995246,0.5039149365810563,0.5168669491447311,689.4
accuracy,0.5039149365810563,0.5039149365810563,0.5039149365810563,0.5039149365810563
