,precision,recall,f1-score,support
negative,0.37888549096964147,0.2943070640912736,0.3298434096703545,102.8
neutral,0.7646640970560138,0.5260620603392387,0.623152673251173,505.4
positive,0.40892177510186806,0.7266215536576559,0.5231157007908374,233.6
micro avg,0.5533552899975094,0.5533552899975094,0.5533552899975094,841.8
macro avg,0.5174904543758411,0.5156635593627228,0.49203726123745495,841.8
weighted avg,0.6194336878912393,0.5533552899975094,0.5599064698908904,841.8
accuracy,0.5533552899975094,0.5533552899975094,0.5533552899975094,0.5533552899975094
