,precision,recall,f1-score,support
negative,0.625,0.8064516129032258,0.7042253521126761,93.0
neutral,0.8133333333333334,0.8611764705882353,0.8365714285714286,425.0
positive,0.7666666666666667,0.5348837209302325,0.6301369863013698,172.0
micro avg,0.7724637681159421,0.7724637681159421,0.772463768115942,690.0
macro avg,0.735,0.7341706014738979,0.7236445889951582,690.0
weighted avg,0.7763164251207729,0.7724637681159421,0.767274458743727,690.0
accuracy,0.7724637681159421,0.7724637681159421,0.7724637681159421,0.7724637681159421
