,precision,recall,f1-score,support
negative,0.16703786191536749,0.8928571428571429,0.28142589118198874,84.0
neutral,0.8421052631578947,0.03644646924829157,0.06986899563318778,439.0
positive,0.1891891891891892,0.25149700598802394,0.2159383033419023,167.0
accuracy,0.1927536231884058,0.1927536231884058,0.1927536231884058,0.1927536231884058
macro avg,0.39944410475415043,0.39360020603115276,0.18907773005235962,690.0
weighted avg,0.601898529741741,0.1927536231884058,0.13097675449326693,690.0
