,precision,recall,f1-score,support
0,0.9736842105263158,0.8809523809523809,0.925,84.0
1,0.9488888888888889,0.9726651480637813,0.9606299212598426,439.0
2,0.9085365853658537,0.8922155688622755,0.9003021148036255,167.0
accuracy,0.9420289855072463,0.9420289855072463,0.9420289855072463,0.9420289855072463
macro avg,0.9437032282603529,0.9152776992928127,0.928644012021156,690.0
weighted avg,0.9421410226993193,0.9420289855072463,0.9416912878337338,690.0
