,precision,recall,f1-score,support
negative,0.45977011494252873,0.43010752688172044,0.4444444444444445,93.0
neutral,0.6920222634508348,0.8776470588235294,0.7738589211618258,425.0
positive,0.65625,0.2441860465116279,0.35593220338983045,172.0
micro avg,0.6594202898550725,0.6594202898550725,0.6594202898550725,690.0
macro avg,0.6026807927977879,0.5173135440722926,0.5247451896653669,690.0
weighted avg,0.6518015690670435,0.6594202898550725,0.6252807446524059,690.0
accuracy,0.6594202898550725,0.6594202898550725,0.6594202898550725,0.6594202898550725
