,precision,recall,f1-score,support
0,0.6666666666666666,0.40476190476190477,0.5037037037037037,84.0
1,0.8407258064516129,0.9498861047835991,0.8919786096256684,439.0
2,0.6923076923076923,0.592814371257485,0.6387096774193548,167.0
accuracy,0.7971014492753623,0.7971014492753623,0.7971014492753623,0.7971014492753623
macro avg,0.7332333884753238,0.6491541269343296,0.678130663582909,690.0
weighted avg,0.7836145125328154,0.7971014492753623,0.7834119374866838,690.0
