,precision,recall,f1-score,support
negative,0.34782608695652173,0.38095238095238093,0.3636363636363636,84.0
neutral,0.674074074074074,0.4145785876993166,0.5133991537376587,439.0
positive,0.2896341463414634,0.5688622754491018,0.3838383838383838,167.0
accuracy,0.44782608695652176,0.44782608695652176,0.44782608695652176,0.44782608695652176
macro avg,0.43717810245735306,0.4547977480335998,0.42029130040413537,690.0
weighted avg,0.5413113221186822,0.44782608695652176,0.4638097001989808,690.0
