,precision,recall,f1-score,support
negative,0.3173076923076923,0.39285714285714285,0.35106382978723405,84.0
neutral,0.7572115384615384,0.7175398633257403,0.7368421052631579,439.0
positive,0.38235294117647056,0.38922155688622756,0.38575667655786344,167.0
accuracy,0.5985507246376811,0.5985507246376811,0.5985507246376811,0.5985507246376811
macro avg,0.4856240573152338,0.49987285435637024,0.49122087053608515,690.0
weighted avg,0.6129313807462784,0.5985507246376811,0.6049049433301698,690.0
