,precision,recall,f1-score,support
negative,0.20270270270270271,0.17857142857142858,0.189873417721519,84.0
neutral,0.7125506072874493,0.4009111617312073,0.5131195335276968,439.0
positive,0.27100271002710025,0.5988023952095808,0.3731343283582089,167.0
accuracy,0.4217391304347826,0.4217391304347826,0.4217391304347826,0.4217391304347826
macro avg,0.3954186733390841,0.3927616618374055,0.35870909320247496,690.0
weighted avg,0.5436147771025261,0.4217391304347826,0.43988735527983674,690.0
