,precision,recall,f1-score,support
0,0.8041237113402062,0.9285714285714286,0.861878453038674,84.0
1,0.9472477064220184,0.9407744874715261,0.944,439.0
2,0.8726114649681529,0.8203592814371258,0.845679012345679,167.0
accuracy,0.9101449275362319,0.9101449275362319,0.9101449275362319,0.9101449275362319
macro avg,0.8746609609101258,0.896568399160027,0.8838524884614509,690.0
weighted avg,0.9117597819152535,0.9101449275362319,0.9102060653869232,690.0
