,precision,recall,f1-score,support
negative,0.39759036144578314,0.39285714285714285,0.39520958083832336,84.0
neutral,0.8198757763975155,0.6013667425968109,0.6938239159001314,439.0
positive,0.4,0.6826347305389222,0.504424778761062,167.0
accuracy,0.5956521739130435,0.5956521739130435,0.5956521739130435,0.5956521739130435
macro avg,0.5391553792810996,0.5589528719976253,0.5311527584998389,690.0
weighted avg,0.6668450089854422,0.5956521739130435,0.6116307853966292,690.0
