,precision,recall,f1-score,support
negative,0.532258064516129,0.7857142857142857,0.6346153846153847,84.0
neutral,0.8277404921700223,0.8428246013667426,0.8352144469525961,439.0
positive,0.7478991596638656,0.5329341317365269,0.6223776223776223,167.0
accuracy,0.7608695652173914,0.7608695652173914,0.7608695652173914,0.7608695652173914
macro avg,0.7026325721166723,0.7204910062725185,0.6974024846485344,690.0
weighted avg,0.7724448016606669,0.7608695652173914,0.7592810108071666,690.0
