,precision,recall,f1-score,support
negative,0.35714285714285715,0.35353535353535354,0.3553299492385787,99.0
neutral,0.6687402799377916,0.8565737051792829,0.7510917030567685,502.0
positive,0.67,0.2791666666666667,0.3941176470588236,240.0
micro avg,0.6325802615933412,0.6325802615933412,0.6325802615933412,841.0
macro avg,0.565294379026883,0.49642524179376774,0.5001797664513902,841.0
weighted avg,0.632419457058162,0.6325802615933412,0.6026325032143101,841.0
accuracy,0.6325802615933412,0.6325802615933412,0.6325802615933412,0.6325802615933412
