,precision,recall,f1-score,support
0,0.8108108108108109,0.8571428571428571,0.8333333333333334,105.0
1,0.9184890656063618,0.9058823529411765,0.912142152023692,510.0
2,0.8185840707964602,0.8222222222222222,0.8203991130820399,225.0
accuracy,0.8773809523809524,0.8773809523809524,0.8773809523809524,0.8773809523809524
macro avg,0.849294649071211,0.8617491441020851,0.8552915328130218,840.0
weighted avg,0.87826901728998,0.8773809523809524,0.8777170213994546,840.0
