,precision,recall,f1-score,support
negative,0.1800356506238859,0.9619047619047619,0.30330330330330324,105.0
neutral,0.8181818181818182,0.01764705882352941,0.034548944337811895,510.0
positive,0.2798507462686567,0.3333333333333333,0.3042596348884381,225.0
accuracy,0.22023809523809523,0.22023809523809523,0.22023809523809523,0.22023809523809523
macro avg,0.42602273835812027,0.4376283846872082,0.21403729417651776,840.0
weighted avg,0.5942177244031941,0.22023809523809523,0.14038717417741603,840.0
