,precision,recall,f1-score,support
0,0.7596899224806202,0.9333333333333333,0.8376068376068376,105.0
1,0.9644444444444444,0.8509803921568627,0.9041666666666668,510.0
2,0.7931034482758621,0.92,0.851851851851852,225.0
accuracy,0.8797619047619047,0.8797619047619047,0.8797619047619047,0.8797619047619047
macro avg,0.8390792717336423,0.901437908496732,0.8645417853751188,840.0
weighted avg,0.8929552195109532,0.8797619047619047,0.8818337912087914,840.0
