,precision,recall,f1-score,support
negative,0.41904761904761906,0.41904761904761906,0.41904761904761906,105.0
neutral,0.6676470588235294,0.44509803921568625,0.5341176470588235,510.0
positive,0.3265822784810127,0.5733333333333334,0.41612903225806447,225.0
accuracy,0.47619047619047616,0.47619047619047616,0.47619047619047616,0.47619047619047616
macro avg,0.47109231878405367,0.4791596638655462,0.45643143278816894,840.0
weighted avg,0.5452154912597951,0.47619047619047616,0.48812980030721964,840.0
