,precision,recall,f1-score,support
negative,0.40229885057471265,0.3333333333333333,0.3645833333333333,105.0
neutral,0.7653333333333333,0.5627450980392157,0.648587570621469,510.0
positive,0.41798941798941797,0.7022222222222222,0.5240464344941956,225.0
accuracy,0.5714285714285714,0.5714285714285714,0.5714285714285714,0.5714285714285714
macro avg,0.5285405339658212,0.5327668845315904,0.5124057794829993,840.0
weighted avg,0.6269154742356713,0.5714285714285714,0.5797278080692181,840.0
