,precision,recall,f1-score,support
0,0.7058823529411765,0.45714285714285713,0.5549132947976878,105.0
1,0.8378378378378378,0.9117647058823529,0.8732394366197184,510.0
2,0.695852534562212,0.6711111111111111,0.6832579185520362,225.0
accuracy,0.7904761904761904,0.7904761904761904,0.7904761904761904,0.7904761904761904
macro avg,0.7465242417804087,0.6800062247121071,0.703803549989814,840.0
weighted avg,0.783311624562641,0.7904761904761904,0.7825607622666926,840.0
