,precision,recall,f1-score,support
negative,0.5182481751824818,0.6761904761904762,0.5867768595041323,105.0
neutral,0.7879924953095685,0.8235294117647058,0.8053691275167785,510.0
positive,0.7235294117647059,0.5466666666666666,0.6227848101265823,225.0
accuracy,0.7309523809523809,0.7309523809523809,0.7309523809523809,0.7309523809523809
macro avg,0.6765900274189187,0.6821288515406163,0.6716435990491644,840.0
weighted avg,0.7370075579155945,0.7309523809523809,0.729138580428538,840.0
