,precision,recall,f1-score,support
negative,0.363013698630137,0.5463917525773195,0.4362139917695473,97.0
neutral,0.6560975609756098,0.5369261477045908,0.5905598243688256,501.0
positive,0.36971830985915494,0.43388429752066116,0.3992395437262357,242.0
micro avg,0.5083333333333333,0.5083333333333333,0.5083333333333333,840.0
macro avg,0.4629431898216339,0.5057340659341906,0.4753377866215362,840.0
weighted avg,0.5397488545259753,0.5083333333333333,0.5176180938002104,840.0
accuracy,0.5083333333333333,0.5083333333333333,0.5083333333333333,0.5083333333333333
