,precision,recall,f1-score,support
negative,0.35294117647058826,0.4,0.37500000000000006,105.0
neutral,0.6974169741697417,0.7411764705882353,0.7186311787072244,510.0
positive,0.4134078212290503,0.3288888888888889,0.3663366336633664,225.0
accuracy,0.5880952380952381,0.5880952380952381,0.5880952380952381,0.5880952380952381
macro avg,0.4879219906231267,0.49002178649237466,0.4866559374568636,840.0
weighted avg,0.5782836192053766,0.5880952380952381,0.5813126710892165,840.0
