,precision,recall,f1-score,support
negative,0.2976190476190476,0.23809523809523808,0.26455026455026454,105.0
neutral,0.6710097719869706,0.403921568627451,0.5042839657282742,510.0
positive,0.3207126948775056,0.64,0.42729970326409505,225.0
accuracy,0.44642857142857145,0.44642857142857145,0.44642857142857145,0.44642857142857145
macro avg,0.4297805048278413,0.4273389355742297,0.39871131118087794,840.0
weighted avg,0.5305063572152308,0.44642857142857145,0.4536964684924036,840.0
