,precision,recall,f1-score,support
negative,0.33653846153846156,0.3465346534653465,0.3414634146341463,101.0
neutral,0.6435331230283912,0.39766081871345027,0.49156626506024087,513.0
positive,0.33649289099526064,0.6200873362445415,0.4362519201228878,229.0
accuracy,0.45195729537366547,0.45195729537366547,0.45195729537366547,0.45195729537366547
macro avg,0.4388548251873711,0.45476093614111274,0.4230938666057584,843.0
weighted avg,0.5233448977068375,0.45195729537366547,0.4585563328138715,843.0
