,precision,recall,f1-score,support
negative,0.59375,0.7524752475247525,0.6637554585152838,101.0
neutral,0.800718132854578,0.8693957115009746,0.833644859813084,513.0
positive,0.7341772151898734,0.5065502183406113,0.599483204134367,229.0
accuracy,0.7568208778173191,0.7568208778173191,0.7568208778173191,0.7568208778173191
macro avg,0.7095484493481505,0.7094737257887794,0.698961174154245,843.0
weighted avg,0.7578454738231073,0.7568208778173191,0.7496806265016914,843.0
