,precision,recall,f1-score,support
negative,0.5222222222222223,0.46534653465346537,0.49214659685863876,101.0
neutral,0.8075949367088607,0.621832358674464,0.7026431718061674,513.0
positive,0.4664804469273743,0.7292576419213974,0.5689948892674617,229.0
accuracy,0.6322657176749703,0.6322657176749703,0.6322657176749703,0.6322657176749703
macro avg,0.5987658686194858,0.6054788450831089,0.5879282193107559,843.0
weighted avg,0.6807410074999511,0.6322657176749703,0.6411181293731141,843.0
