,precision,recall,f1-score,support
0,0.9555555555555556,0.8514851485148515,0.900523560209424,101.0
1,0.9311740890688259,0.8966861598440545,0.913604766633565,513.0
2,0.7876447876447876,0.8908296943231441,0.8360655737704917,229.0
accuracy,0.8896797153024911,0.8896797153024911,0.8896797153024911,0.8896797153024911
macro avg,0.891458144089723,0.8796670008940167,0.8833979668711603,843.0
weighted avg,0.8951056645006824,0.8896797153024911,0.8909740702937288,843.0
