,precision,recall,f1-score,support
negative,0.3697478991596639,0.43564356435643564,0.4,101.0
neutral,0.700354609929078,0.7699805068226121,0.733519034354689,513.0
positive,0.525,0.36681222707423583,0.4318766066838046,229.0
accuracy,0.6204033214709371,0.6204033214709371,0.6204033214709371,0.6204033214709371
macro avg,0.531700836362914,0.5241454327510945,0.5217985470128312,843.0
weighted avg,0.6131096710661247,0.6204033214709371,0.6116192260433533,843.0
