,precision,recall,f1-score,support
negative,0.4788732394366197,0.6938775510204082,0.5666666666666667,98.0
neutral,0.7628676470588235,0.8350100603621731,0.7973102785782902,497.0
positive,0.7579617834394905,0.4798387096774194,0.5876543209876542,248.0
micro avg,0.7141162514827996,0.7141162514827996,0.7141162514827996,843.0
macro avg,0.6665675566449779,0.6695754403533335,0.6505437554108703,843.0
weighted avg,0.7284096326761774,0.7141162514827996,0.7088194702155182,843.0
accuracy,0.7141162514827996,0.7141162514827996,0.7141162514827996,0.7141162514827996
