,precision,recall,f1-score,support
0,0.6507936507936508,0.40594059405940597,0.5,101.0
1,0.8139931740614335,0.9298245614035088,0.8680618744313011,513.0
2,0.6804123711340206,0.5764192139737991,0.624113475177305,229.0
accuracy,0.7710557532621589,0.7710557532621589,0.7710557532621589,0.7710557532621589
macro avg,0.7150663986630349,0.637394789812238,0.6640584498695353,843.0
weighted avg,0.7581531316884518,0.7710557532621589,0.7576959992869043,843.0
