,precision,recall,f1-score,support
negative,0.2235294117647059,0.18811881188118812,0.2043010752688172,101.0
neutral,0.676829268292683,0.4327485380116959,0.5279429250891795,513.0
positive,0.34418604651162793,0.6462882096069869,0.4491654021244309,229.0
accuracy,0.46144721233689207,0.46144721233689207,0.46144721233689207,0.46144721233689207
macro avg,0.41484824218967226,0.422385186499957,0.3938031341608092,843.0
weighted avg,0.5321571647373007,0.46144721233689207,0.46776750445954246,843.0
