,precision,recall,f1-score,support
negative,0.15789473684210525,0.8910891089108911,0.26825633383010433,101.0
neutral,0.6875,0.021442495126705652,0.04158790170132325,513.0
positive,0.24124513618677043,0.27074235807860264,0.2551440329218107,229.0
accuracy,0.1933570581257414,0.1933570581257414,0.1933570581257414,0.1933570581257414
macro avg,0.36221329100962524,0.3944246540387331,0.18832942281774612,843.0
weighted avg,0.5028232557625422,0.1933570581257414,0.12675737464853384,843.0
