,precision,recall,f1-score,support
0,0.7421875,0.9405940594059405,0.8296943231441049,101.0
1,0.9389978213507625,0.8401559454191033,0.8868312757201646,513.0
2,0.7734375,0.8646288209606987,0.8164948453608247,229.0
accuracy,0.8588374851720048,0.8588374851720048,0.8588374851720048,0.8588374851720048
macro avg,0.8182076071169209,0.8817929419285808,0.8443401480750315,843.0
weighted avg,0.8704436623403811,0.8588374851720048,0.8608788738666999,843.0
