,precision,recall,f1-score,support
negative,0.2009132420091324,0.4489795918367347,0.27760252365930593,98.0
neutral,0.5699300699300699,0.32796780684104626,0.4163473818646232,497.0
positive,0.3165680473372781,0.4314516129032258,0.36518771331058025,248.0
micro avg,0.37247924080664296,0.37247924080664296,0.37247924080664296,843.0
macro avg,0.36247045309216014,0.4027996705270023,0.35304587294483647,843.0
weighted avg,0.452495395269021,0.37247924080664296,0.3851675551676792,843.0
accuracy,0.37247924080664296,0.37247924080664296,0.37247924080664296,0.37247924080664296
