,precision,recall,f1-score,support
negative,0.2773109243697479,0.336734693877551,0.30414746543778803,98.0
neutral,0.6226415094339622,0.5311871227364185,0.5732899022801302,497.0
positive,0.3466666666666667,0.41935483870967744,0.3795620437956204,248.0
micro avg,0.47568208778173193,0.47568208778173193,0.47568208778173193,843.0
macro avg,0.41553970015679226,0.42909221844121564,0.41899980383784624,843.0
weighted avg,0.5013079882683842,0.47568208778173193,0.4850093949079974,843.0
accuracy,0.47568208778173193,0.47568208778173193,0.47568208778173193,0.47568208778173193
