,precision,recall,f1-score,support
0,0.7737226277372263,0.9380530973451328,0.8480000000000001,113.0
1,0.9325153374233128,0.8128342245989305,0.8685714285714285,561.0
2,0.7653958944281525,0.8907849829351536,0.8233438485804417,293.0
accuracy,0.8510858324715616,0.8510858324715616,0.8510858324715616,0.8510858324715616
macro avg,0.8238779531962305,0.8805574349597389,0.8466384257172902,967.0
weighted avg,0.8633223974107899,0.8510858324715616,0.8524636184722243,967.0
