,precision,recall,f1-score,support
negative,0.4230769230769231,0.3893805309734513,0.40552995391705066,113.0
neutral,0.7838479809976246,0.5882352941176471,0.6720977596741343,561.0
positive,0.47737556561085975,0.7201365187713311,0.5741496598639456,293.0
accuracy,0.6049638055842813,0.6049638055842813,0.6049638055842813,0.6049638055842813
macro avg,0.5614334898951359,0.5659174479541432,0.5505924578183768,967.0
weighted avg,0.6488288007976646,0.6049638055842813,0.6112694708479339,967.0
