,precision,recall,f1-score,support
negative,0.46153846153846156,0.6902654867256637,0.5531914893617021,113.0
neutral,0.7439862542955327,0.7718360071301248,0.7576552930883639,561.0
positive,0.6851851851851852,0.5051194539249146,0.581532416502947,293.0
accuracy,0.6814891416752844,0.6814891416752844,0.6814891416752844,0.6814891416752844
macro avg,0.6302366336730598,0.655740315926901,0.630793066317671,967.0
weighted avg,0.6931637994549112,0.6814891416752844,0.680397368930515,967.0
