,precision,recall,f1-score,support
0,0.7751937984496124,0.8849557522123894,0.8264462809917357,113.0
1,0.8730964467005076,0.9197860962566845,0.8958333333333333,561.0
2,0.8744939271255061,0.7372013651877133,0.7999999999999999,293.0
accuracy,0.860392967942089,0.860392967942089,0.860392967942089,0.860392967942089
macro avg,0.8409280574252088,0.8473144045522624,0.8407598714416896,967.0
weighted avg,0.8620793448516694,0.860392967942089,0.8586876212534291,967.0
