,precision,recall,f1-score,support
negative,0.28703703703703703,0.2743362831858407,0.28054298642533937,113.0
neutral,0.612987012987013,0.4206773618538324,0.49894291754756864,561.0
positive,0.35443037974683544,0.5733788395904437,0.4380704041720991,293.0
accuracy,0.4498448810754912,0.4498448810754912,0.4498448810754912,0.4498448810754912
macro avg,0.41815147659029517,0.42279749487670565,0.4058521027150024,967.0
weighted avg,0.4965553265116052,0.4498448810754912,0.45497721058187635,967.0
