,precision,recall,f1-score,support
negative,0.2111111111111111,0.168141592920354,0.187192118226601,113.0
neutral,0.646112600536193,0.4295900178253119,0.5160599571734477,561.0
positive,0.37103174603174605,0.6382252559726962,0.46925972396486826,293.0
accuracy,0.4622543950361944,0.4622543950361944,0.4622543950361944,0.4622543950361944
macro avg,0.4094184858930167,0.41198562223945406,0.39083726645497235,967.0
weighted avg,0.5119307404794844,0.4622543950361944,0.4634492703780936,967.0
