,precision,recall,f1-score,support
negative,0.26666666666666666,0.35398230088495575,0.3041825095057034,113.0
neutral,0.6481178396072013,0.7058823529411765,0.6757679180887372,561.0
positive,0.46116504854368934,0.3242320819112628,0.3807615230460922,293.0
accuracy,0.5491209927611168,0.5491209927611168,0.5491209927611168,0.5491209927611168
macro avg,0.4586498516058524,0.4613655785791317,0.4535706502135109,967.0
weighted avg,0.5468963811543684,0.5491209927611168,0.5429592056612523,967.0
