,precision,recall,f1-score,support
negative,0.16559485530546625,0.911504424778761,0.28027210884353737,113.0
neutral,0.7142857142857143,0.035650623885918005,0.06791171477079797,561.0
positive,0.29337539432176657,0.3174061433447099,0.30491803278688523,293.0
accuracy,0.2233712512926577,0.2233712512926577,0.2233712512926577,0.2233712512926577
macro avg,0.3910853213043157,0.42152039733646296,0.21770061880040684,967.0
weighted avg,0.5226323628749545,0.2233712512926577,0.16454002470764711,967.0
