,precision,recall,f1-score,support
negative,0.4740740740740741,0.5203252032520326,0.496124031007752,123.0
neutral,0.6726027397260274,0.8539130434782609,0.7524904214559387,575.0
positive,0.6372549019607843,0.241635687732342,0.3504043126684636,269.0
micro avg,0.6411582213029989,0.6411582213029989,0.6411582213029989,967.0
macro avg,0.5946439052536285,0.5386246448208786,0.5330062550440514,967.0
weighted avg,0.6375173268676607,0.6411582213029989,0.6080289640733556,967.0
accuracy,0.6411582213029989,0.6411582213029989,0.6411582213029989,0.6411582213029989
