,precision,recall,f1-score,support
0,0.7083333333333334,0.45132743362831856,0.5513513513513514,113.0
1,0.7618343195266272,0.9180035650623886,0.8326596604688763,561.0
2,0.726027397260274,0.5426621160409556,0.6210937499999999,293.0
accuracy,0.749741468459152,0.749741468459152,0.749741468459152,0.749741468459152
macro avg,0.7320650167067448,0.6373310382438876,0.6683682539400758,967.0
weighted avg,0.7447329341451548,0.749741468459152,0.7356827724671586,967.0
