,precision,recall,f1-score,support
negative,0.4,0.3917525773195876,0.3958333333333333,97.0
neutral,0.7938461538461539,0.5149700598802395,0.6246973365617434,501.0
positive,0.430952380952381,0.7479338842975206,0.5468277945619336,242.0
micro avg,0.5678571428571428,0.5678571428571428,0.5678571428571428,840.0
macro avg,0.5415995115995116,0.5515521738324493,0.5224528214856701,840.0
weighted avg,0.6438183324611897,0.5678571428571428,0.5758351490889937,840.0
accuracy,0.5678571428571428,0.5678571428571428,0.5678571428571428,0.5678571428571428
