,precision,recall,f1-score,support
negative,0.5285714285714286,0.7628865979381443,0.6244725738396625,97.0
neutral,0.7767175572519084,0.812375249500998,0.7941463414634147,501.0
positive,0.7443181818181818,0.5413223140495868,0.6267942583732058,242.0
micro avg,0.7285714285714285,0.7285714285714285,0.7285714285714285,840.0
macro avg,0.6832023892138396,0.7055280538295764,0.6818043912254277,840.0
weighted avg,0.7387284818507556,0.7285714285714285,0.7263397229308736,840.0
accuracy,0.7285714285714285,0.7285714285714285,0.7285714285714285,0.7285714285714285
