,precision,recall,f1-score,support
0,0.7383177570093458,0.9518072289156626,0.8315789473684211,83.0
1,0.0,0.0,0.0,3.0
2,0.9294117647058824,0.7452830188679245,0.8272251308900523,106.0
accuracy,0.8229166666666666,0.8229166666666666,0.8229166666666666,0.8229166666666666
macro avg,0.5559098405717428,0.5656967492611957,0.5529346927528245,192.0
weighted avg,0.8322813588052043,0.8229166666666666,0.81618185680169,192.0
