,precision,recall,f1-score,support
negative,0.3787878787878788,0.29069767441860467,0.32894736842105265,86.0
neutral,0.7894736842105263,0.6204379562043796,0.6948228882833788,411.0
positive,0.47,0.734375,0.573170731707317,192.0
accuracy,0.6110304789550073,0.6110304789550073,0.6110304789550073,0.6110304789550073
macro avg,0.546087187666135,0.5485035435409947,0.5323136628039161,689.0
weighted avg,0.6491864176869142,0.6110304789550073,0.615254660749614,689.0
