,precision,recall,f1-score,support
negative,0.17118997912317327,0.9534883720930233,0.29026548672566366,86.0
neutral,0.8888888888888888,0.038929440389294405,0.0745920745920746,411.0
positive,0.23958333333333334,0.23958333333333334,0.23958333333333334,192.0
accuracy,0.20899854862119013,0.20899854862119013,0.20899854862119013,0.20899854862119013
macro avg,0.43322073378179843,0.410667048605217,0.20148029821702387,689.0
weighted avg,0.6183681734948131,0.20899854862119013,0.14748936794738715,689.0
