,precision,recall,f1-score,support
negative,0.5772357723577236,0.8255813953488372,0.6794258373205743,86.0
neutral,0.8221709006928406,0.8661800486618005,0.8436018957345972,411.0
positive,0.8345864661654135,0.578125,0.683076923076923,192.0
accuracy,0.7808417997097242,0.7808417997097242,0.7808417997097242,0.7808417997097242
macro avg,0.7446643797386593,0.7566288146702126,0.7353682187106982,689.0
weighted avg,0.7950582265766054,0.7808417997097242,0.778377025235498,689.0
