,precision,recall,f1-score,support
0,0.8695652173913043,0.9302325581395349,0.898876404494382,86.0
1,0.9718670076726342,0.9245742092457421,0.9476309226932668,411.0
2,0.8737864077669902,0.9375,0.9045226130653266,192.0
accuracy,0.9288824383164006,0.9288824383164006,0.9288824383164006,0.9288824383164006
macro avg,0.9050728776103095,0.930768922461759,0.9170099800843251,689.0
weighted avg,0.9317662396812293,0.9288824383164006,0.9295326875500612,689.0
