,precision,recall,f1-score,support
negative,0.3670886075949367,0.31868131868131866,0.3411764705882353,91.0
neutral,0.6642468239564429,0.8883495145631068,0.7601246105919004,412.0
positive,0.6271186440677966,0.1989247311827957,0.3020408163265306,186.0
micro avg,0.6269956458635704,0.6269956458635704,0.6269956458635704,689.0
macro avg,0.552818025206392,0.46865185480907373,0.4677806325022222,689.0
weighted avg,0.6149765204031986,0.6269956458635704,0.5811291585255836,689.0
accuracy,0.6269956458635704,0.6269956458635704,0.6269956458635704,0.6269956458635704
