,precision,recall,f1-score,support
negative,0.21839080459770116,0.4175824175824176,0.28679245283018867,91.0
neutral,0.6363636363636364,0.4077669902912621,0.4970414201183432,412.0
positive,0.29880478087649404,0.4032258064516129,0.34324942791762014,186.0
micro avg,0.40783744557329465,0.40783744557329465,0.40783744557329465,689.0
macro avg,0.38451974061261046,0.4095250714417642,0.3756944336220507,689.0
weighted avg,0.49003348424272414,0.40783744557329465,0.427755547008682,689.0
accuracy,0.40783744557329465,0.40783744557329465,0.40783744557329465,0.40783744557329465
