,precision,recall,f1-score,support
0,0.8229166666666666,0.9186046511627907,0.8681318681318682,86.0
1,0.9557739557739557,0.9464720194647201,0.9511002444987775,411.0
2,0.9086021505376344,0.8802083333333334,0.8941798941798942,192.0
accuracy,0.9245283018867925,0.9245283018867925,0.9245283018867925,0.9245283018867925
macro avg,0.8957642576594189,0.9150950013202813,0.9044706689368466,689.0
weighted avg,0.9260457794770028,0.9245283018867925,0.924882555632624,689.0
