,precision,recall,f1-score,support
negative,0.36363636363636365,0.32558139534883723,0.34355828220858897,86.0
neutral,0.6153846153846154,0.44768856447688565,0.5183098591549297,411.0
positive,0.34824281150159747,0.5677083333333334,0.43168316831683173,192.0
accuracy,0.46589259796806964,0.46589259796806964,0.46589259796806964,0.46589259796806964
macro avg,0.44242126350752553,0.4469927643863521,0.43118376989345014,689.0
weighted avg,0.5095187576257052,0.46589259796806964,0.47235781233591645,689.0
