,precision,recall,f1-score,support
negative,0.28,0.32558139534883723,0.30107526881720437,86.0
neutral,0.6952595936794582,0.7493917274939172,0.7213114754098361,411.0
positive,0.4863013698630137,0.3697916666666667,0.42011834319526625,192.0
accuracy,0.590711175616836,0.590711175616836,0.590711175616836,0.590711175616836
macro avg,0.48718698784749065,0.48158826316980713,0.48083502914076887,689.0
weighted avg,0.5851981945079187,0.590711175616836,0.5849262865097437,689.0
