,precision,recall,f1-score,support
negative,0.22413793103448276,0.1511627906976744,0.18055555555555552,86.0
neutral,0.6666666666666666,0.44768856447688565,0.5356622998544396,411.0
positive,0.37183098591549296,0.6875,0.4826325411334552,192.0
accuracy,0.47750362844702465,0.47750362844702465,0.47750362844702465,0.47750362844702465
macro avg,0.4208785278722141,0.42878378505818665,0.39961679884781676,689.0
weighted avg,0.5292705535047028,0.47750362844702465,0.47656085764234524,689.0
