,precision,recall,f1-score,support
0,0.8163265306122449,0.46511627906976744,0.5925925925925926,86.0
1,0.8336886993603412,0.9513381995133819,0.8886363636363637,411.0
2,0.7251461988304093,0.6458333333333334,0.6831955922865014,192.0
accuracy,0.8055152394775036,0.8055152394775036,0.8055152394775036,0.8055152394775036
macro avg,0.7917204762676651,0.6874292706388276,0.7214748495051525,689.0
weighted avg,0.8012746113863451,0.8055152394775036,0.7944355038265845,689.0
