,precision,recall,f1-score,support
negative,0.3373493975903614,0.21875,0.26540284360189575,128.0
neutral,0.7298701298701299,0.49646643109540634,0.590956887486856,566.0
positive,0.40480961923847697,0.73992673992674,0.5233160621761659,273.0
micro avg,0.5284384694932782,0.5284384694932782,0.5284384694932782,967.0
macro avg,0.4906763822329894,0.48504772367404875,0.4598919310883059,967.0
weighted avg,0.586142960134606,0.5284384694932782,0.5287677841496344,967.0
accuracy,0.5284384694932782,0.5284384694932782,0.5284384694932782,0.5284384694932782
