,precision,recall,f1-score,support
negative,0.20833333333333334,0.09090909090909091,0.12658227848101267,55.0
neutral,0.7864077669902912,0.5869565217391305,0.6721991701244814,276.0
positive,0.3936651583710407,0.725,0.5102639296187683,120.0
micro avg,0.5631929046563193,0.5631929046563193,0.5631929046563193,451.0
macro avg,0.4628020862315551,0.46762187088274043,0.4363484594080875,451.0
weighted avg,0.6114117428540545,0.5631929046563193,0.5625735428493676,451.0
accuracy,0.5631929046563193,0.5631929046563193,0.5631929046563193,0.5631929046563193
