,precision,recall,f1-score,support
negative,0.2982456140350877,0.3090909090909091,0.3035714285714285,55.0
neutral,0.6731301939058172,0.8804347826086957,0.7629513343799057,276.0
positive,0.6060606060606061,0.16666666666666666,0.26143790849673204,120.0
micro avg,0.6208425720620843,0.6208425720620843,0.6208425720620843,451.0
macro avg,0.5258121380005036,0.45206411945542385,0.44265355714935534,451.0
weighted avg,0.6095669956035656,0.6208425720620843,0.5734890152547458,451.0
accuracy,0.6208425720620843,0.6208425720620843,0.6208425720620843,0.6208425720620843
